SM_CODE_NEW,SUP,SALES_CODE,LINE_NEW,Year,Quarter,Month,Group_Sales,PRD Type,PRODUCT_NAME_NEW,item Code,item Name,Sales
OTB,OB2,OB21,LINE2,2026,Q1,1,Existing Products,Other Product,CAZOSIN,1-CA046,CAZOSIN 4MG.(Blister)  1X10X10'S,"1,121.50"
OTB,OB2,OB21,LINE2,2026,Q1,1,Existing Products,Other Product,CYSTALINE,1-CY001,CYSTALINE  1x10'S,"83,364.50"
OTB,OB2,OB21,LINE2,2026,Q1,1,Existing Products,Other Product,CYSTALINE,1-CY007,Cystaline Effervescent Tablet (Strip) 1x5x4's,"6,462.62"
OTB,OB2,OB21,LINE2,2026,Q1,1,Existing Products,Other Product,DENOX,9-DE001,DENOX 1X10 ML (0.05%),224.3
OTB,OB2,OB21,LINE2,2026,Q1,1,Existing Products,Other Product,DENOX,9-DE002,DENOX 1X10 ML (0.1%),560.75
OTB,OB2,OB21,LINE2,2026,Q1,1,Existing Products,Other Product,EZB-10,1-EZ001,EZB-10 1X3X10'S,"3,348.19"
OTB,OB2,OB21,LINE2,2026,Q1,1,Existing Products,Other Product,FLOXY EAR DROPS,BFS-1-FL003,FLOXY EAR DROPS(BFS) 1X5 ML,"10,420.56"
OTB,OB2,OB21,LINE2,2026,Q1,1,Existing Products,Other Product,K-ZUVA,1-KZ001,K-ZUVA 20 1X3X10'S,560.75
OTB,OB2,OB21,LINE2,2026,Q1,1,Existing Products,Other Product,K-ZUVA,1-KZ002,K-ZUVA  10 1X3X10'S,"4,233.64"
OTB,OB2,OB21,LINE2,2026,Q1,1,Existing Products,Other Product,METFOR,1-ME002,METFOR-500 1X10X10'S,"3,528.03"
OTB,OB2,OB21,LINE2,2026,Q1,1,Existing Products,Other Product,METFOR,1-ME029,METFOR-850 1X10X10'S,"1,121.50"
OTB,OB2,OB21,LINE2,2026,Q1,1,Existing Products,Other Product,MEXY SYRUP,2-ME004,MEXY SYRUP 1X60 ML (กล่องรูปเด็ก),"3,738.32"
OTB,OB2,OB21,LINE2,2026,Q1,1,Existing Products,Other Product,MILLIOPH,BFS-1-MI011,MILLIOPH EYEDROP 5 ml 1X5 ml,"3,084.11"
OTB,OB2,OB21,LINE2,2026,Q1,1,Existing Products,Other Product,MILLIOPH,BFS-1-MI012,MILLIOPH EYEDROP 10 ml 1X10 ml,"6,910.28"
OTB,OB2,OB21,LINE2,2026,Q1,1,Existing Products,Other Product,MILTEAR,BFS-1-MI005,MILTEAR 1X30X1 ML,"8,495.31"
OTB,OB2,OB21,LINE2,2026,Q1,1,Existing Products,Other Product,MILTEAR,BFS-1-MI015,MILTEAR MD 1X10 ML,"74,641.12"
OTB,OB2,OB21,LINE2,2026,Q1,1,Existing Products,Other Product,MINOZ,1-MI011,MINOZ 28 1X28'S,"28,497.20"
OTB,OB2,OB21,LINE2,2026,Q1,1,Existing Products,Other Product,MONKAST,1-MO006,MONKAST-5 1X2X14'S,"1,523.37"
OTB,OB2,OB21,LINE2,2026,Q1,1,Existing Products,Other Product,NEUMANTINE/MEMO,1-NE013,Neumantine  1x2x14's  (Box),"14,018.69"
OTB,OB2,OB21,LINE2,2026,Q1,1,Existing Products,Product Push,AVAFAST,1-AV001,AVAFAST-180 1X10'S,"37,392.53"
OTB,OB2,OB21,LINE2,2026,Q1,1,Existing Products,Product Push,AVAFAST,1-AV003,AVAFAST-60 1X10'S,"15,271.02"
OTB,OB2,OB21,LINE2,2026,Q1,1,Existing Products,Product Push,FINASCAR,1-FI001,FINASCAR 5 MG.(Blister Unit dose) 1X3X10S,411.21
OTB,OB2,OB21,LINE2,2026,Q1,1,Existing Products,Product Push,FINASCIA,1-FI002,FINASCIA   1X3X10S,"2,616.82"
OTB,OB2,OB21,LINE2,2026,Q1,1,Existing Products,Product Push,MAPLE FORTE,1-MA008,MAPLE FORTE 1X12X1'S(BOX),"38,667.30"
OTB,OB2,OB21,LINE2,2026,Q1,1,Existing Products,Product Push,MCXY COLD,1-MC022,MCXY-COLD  1x12x10S,"17,360.75"
OTB,OB2,OB21,LINE2,2026,Q1,1,Existing Products,Product Push,ONJEL,1-ON004,ONJEL 20 1X28'S,"71,551.40"
OTB,OB2,OB21,LINE2,2026,Q1,1,Existing Products,Product Push,SALDA  INHALE,BFS-5-SA001,SALDA  INHALE 2.5 ML 1X20X2.5 ML,"46,168.23"
OTB,OB2,OB21,LINE2,2026,Q1,1,Existing Products,Product Push,TRANCELTEAR,BFS-1-TR001,TRANCELTEAR 0.8 mL 1x30x0.8 mL,"20,046.74"
OTB,OB2,OB21,LINE2,2026,Q1,1,Existing Products,Product Push,TRANCELTEAR,BFS-1-TR002,TRANCELTEAR  0.8 mL 1 x 10 x 0.8 mL,"5,705.77"
OTB,OB2,OB21,LINE2,2026,Q1,1,New Product,New Product,MONAS,1-MO007,MONAS 1x21S,"5,593.47"
OTB,OB2,OB21,LINE2,2026,Q1,1,New Product,New Product,ZEROTAN,1-ZE001,ZEROTAN 1X2S,"3,364.49"
OTB,OB2,OB21,LINE2,2026,Q1,1,New Product,New Product,ZOMOXIN EYE DROPS,BFS-1-ZO001,ZOMOXIN EYE DROPS 1X5 ML,"1,682.24"
OTB,OB2,OB21,LINE2,2026,Q1,2,Existing Products,Other Product,CAZOSIN,1-CA045,CAZOSIN 2 mg.(Blister) 1X10X10'S,"1,921.49"
OTB,OB2,OB21,LINE2,2026,Q1,2,Existing Products,Other Product,CYSTALINE,1-CY001,CYSTALINE  1x10'S,"75,487.16"
OTB,OB2,OB21,LINE2,2026,Q1,2,Existing Products,Other Product,DENOX,9-DE001,DENOX 1X10 ML (0.05%),405.53
OTB,OB2,OB21,LINE2,2026,Q1,2,Existing Products,Other Product,DENOX,9-DE002,DENOX 1X10 ML (0.1%),"2,338.12"
OTB,OB2,OB21,LINE2,2026,Q1,2,Existing Products,Other Product,EZB-10,1-EZ001,EZB-10 1X3X10'S,"7,542.94"
OTB,OB2,OB21,LINE2,2026,Q1,2,Existing Products,Other Product,FLOXY EAR DROPS,BFS-1-FL003,FLOXY EAR DROPS(BFS) 1X5 ML,"7,570.09"
OTB,OB2,OB21,LINE2,2026,Q1,2,Existing Products,Other Product,METFOR,1-ME002,METFOR-500 1X10X10'S,"2,686.91"
OTB,OB2,OB21,LINE2,2026,Q1,2,Existing Products,Other Product,METFOR,1-ME029,METFOR-850 1X10X10'S,971.96
OTB,OB2,OB21,LINE2,2026,Q1,2,Existing Products,Other Product,MEXY SYRUP,2-ME004,MEXY SYRUP 1X60 ML (กล่องรูปเด็ก),"3,271.03"
OTB,OB2,OB21,LINE2,2026,Q1,2,Existing Products,Other Product,MILLIOPH,BFS-1-MI011,MILLIOPH EYEDROP 5 ml 1X5 ml,"1,121.50"
OTB,OB2,OB21,LINE2,2026,Q1,2,Existing Products,Other Product,MILLIOPH,BFS-1-MI012,MILLIOPH EYEDROP 10 ml 1X10 ml,"8,943.92"
OTB,OB2,OB21,LINE2,2026,Q1,2,Existing Products,Other Product,MILTEAR,BFS-1-MI005,MILTEAR 1X30X1 ML,"18,841.12"
OTB,OB2,OB21,LINE2,2026,Q1,2,Existing Products,Other Product,MILTEAR,BFS-1-MI015,MILTEAR MD 1X10 ML,"37,369.78"
OTB,OB2,OB21,LINE2,2026,Q1,2,Existing Products,Other Product,MINOZ,1-MI011,MINOZ 28 1X28'S,"11,607.48"
OTB,OB2,OB21,LINE2,2026,Q1,2,Existing Products,Other Product,MONKAST,1-MO006,MONKAST-5 1X2X14'S,"3,168.23"
OTB,OB2,OB21,LINE2,2026,Q1,2,Existing Products,Other Product,NEUMANTINE/MEMO,1-NE013,Neumantine  1x2x14's  (Box),785.05
OTB,OB2,OB21,LINE2,2026,Q1,2,Existing Products,Product Push,AVAFAST,1-AV001,AVAFAST-180 1X10'S,"22,074.76"
OTB,OB2,OB21,LINE2,2026,Q1,2,Existing Products,Product Push,AVAFAST,1-AV003,AVAFAST-60 1X10'S,"3,196.26"
OTB,OB2,OB21,LINE2,2026,Q1,2,Existing Products,Product Push,MAPLE FORTE,1-MA008,MAPLE FORTE 1X12X1'S(BOX),"141,037.38"
OTB,OB2,OB21,LINE2,2026,Q1,2,Existing Products,Product Push,MCXY COLD,1-MC022,MCXY-COLD  1x12x10S,"18,370.10"
OTB,OB2,OB21,LINE2,2026,Q1,2,Existing Products,Product Push,NITE CAP,3-NI002,NITE CAP 1X10X10S (BOX),"17,267.29"
OTB,OB2,OB21,LINE2,2026,Q1,2,Existing Products,Product Push,ONJEL,1-ON004,ONJEL 20 1X28'S,"83,439.25"
OTB,OB2,OB21,LINE2,2026,Q1,2,Existing Products,Product Push,SALDA  INHALE,BFS-5-SA001,SALDA  INHALE 2.5 ML 1X20X2.5 ML,"32,274.15"
OTB,OB2,OB21,LINE2,2026,Q1,2,Existing Products,Product Push,TRANCELTEAR,BFS-1-TR001,TRANCELTEAR 0.8 mL 1x30x0.8 mL,"25,443.93"
OTB,OB2,OB21,LINE2,2026,Q1,2,Existing Products,Product Push,TRANCELTEAR,BFS-1-TR002,TRANCELTEAR  0.8 mL 1 x 10 x 0.8 mL,"4,142.07"
OTB,OB2,OB21,LINE2,2026,Q1,2,New Product,New Product,MONAS,1-MO007,MONAS 1x21S,"18,849.81"
OTB,OB2,OB21,LINE2,2026,Q1,2,New Product,New Product,Ophtocin eye drop,BFS-2-OP001,Ophtocin eye drop 5 ml 1x5 mL,"4,485.97"
OTB,OB2,OB21,LINE2,2026,Q1,2,New Product,New Product,T-OPH,BFS-2-TO001,T-OPH(SOC) 5 ML    1 x 5 ML,"2,224.30"
OTB,OB2,OB21,LINE2,2026,Q1,2,New Product,New Product,ZEROTAN,1-ZE001,ZEROTAN 1X2S,"5,607.48"
OTB,OB2,OB21,LINE2,2026,Q1,3,Existing Products,Other Product,CAZOSIN,1-CA045,CAZOSIN 2 mg.(Blister) 1X10X10'S,"1,682.24"
OTB,OB2,OB21,LINE2,2026,Q1,3,Existing Products,Other Product,CAZOSIN,1-CA046,CAZOSIN 4MG.(Blister)  1X10X10'S,"1,121.50"
OTB,OB2,OB21,LINE2,2026,Q1,3,Existing Products,Other Product,CYSTALINE,1-CY001,CYSTALINE  1x10'S,"66,362.62"
OTB,OB2,OB21,LINE2,2026,Q1,3,Existing Products,Other Product,CYSTALINE,1-CY007,Cystaline Effervescent Tablet (Strip) 1x5x4's,"1,170.33"
OTB,OB2,OB21,LINE2,2026,Q1,3,Existing Products,Other Product,DENOX,9-DE001,DENOX 1X10 ML (0.05%),"2,177.57"
OTB,OB2,OB21,LINE2,2026,Q1,3,Existing Products,Other Product,DENOX,9-DE002,DENOX 1X10 ML (0.1%),"4,558.09"
OTB,OB2,OB21,LINE2,2026,Q1,3,Existing Products,Other Product,EZB-10,1-EZ001,EZB-10 1X3X10'S,"18,146.50"
OTB,OB2,OB21,LINE2,2026,Q1,3,Existing Products,Other Product,K-ZUVA,1-KZ001,K-ZUVA 20 1X3X10'S,560.75
OTB,OB2,OB21,LINE2,2026,Q1,3,Existing Products,Other Product,K-ZUVA,1-KZ002,K-ZUVA  10 1X3X10'S,"3,925.23"
OTB,OB2,OB21,LINE2,2026,Q1,3,Existing Products,Other Product,METFOR,1-ME002,METFOR-500 1X10X10'S,"5,789.71"
OTB,OB2,OB21,LINE2,2026,Q1,3,Existing Products,Other Product,METFOR,1-ME029,METFOR-850 1X10X10'S,747.66
OTB,OB2,OB21,LINE2,2026,Q1,3,Existing Products,Other Product,MEXY SYRUP,2-ME004,MEXY SYRUP 1X60 ML (กล่องรูปเด็ก),"1,869.16"
OTB,OB2,OB21,LINE2,2026,Q1,3,Existing Products,Other Product,MILLIOPH,BFS-1-MI011,MILLIOPH EYEDROP 5 ml 1X5 ml,"3,960.74"
OTB,OB2,OB21,LINE2,2026,Q1,3,Existing Products,Other Product,MILLIOPH,BFS-1-MI012,MILLIOPH EYEDROP 10 ml 1X10 ml,"9,596.25"
OTB,OB2,OB21,LINE2,2026,Q1,3,Existing Products,Other Product,MILTEAR,BFS-1-MI005,MILTEAR 1X30X1 ML,"36,074.75"
OTB,OB2,OB21,LINE2,2026,Q1,3,Existing Products,Other Product,MILTEAR,BFS-1-MI015,MILTEAR MD 1X10 ML,"111,897.17"
OTB,OB2,OB21,LINE2,2026,Q1,3,Existing Products,Other Product,MILTEAR,BFS-1-MI016,MILTEAR  1X10X1 ML,"3,994.40"
OTB,OB2,OB21,LINE2,2026,Q1,3,Existing Products,Other Product,MINOZ,1-MI011,MINOZ 28 1X28'S,"2,691.59"
OTB,OB2,OB21,LINE2,2026,Q1,3,Existing Products,Other Product,MONET,1-MO004,MONET 1X10X10'S,878.5
OTB,OB2,OB21,LINE2,2026,Q1,3,Existing Products,Other Product,MONKAST,1-MO005,MONKAST-10 1X2X14'S,389.4
OTB,OB2,OB21,LINE2,2026,Q1,3,Existing Products,Product Push,AVAFAST,1-AV001,AVAFAST-180 1X10'S,"53,118.68"
OTB,OB2,OB21,LINE2,2026,Q1,3,Existing Products,Product Push,AVAFAST,1-AV003,AVAFAST-60 1X10'S,"17,061.68"
OTB,OB2,OB21,LINE2,2026,Q1,3,Existing Products,Product Push,FINASCIA,1-FI002,FINASCIA   1X3X10S,"6,891.58"
OTB,OB2,OB21,LINE2,2026,Q1,3,Existing Products,Product Push,MAPLE FORTE,1-MA008,MAPLE FORTE 1X12X1'S(BOX),"75,576.65"
OTB,OB2,OB21,LINE2,2026,Q1,3,Existing Products,Product Push,MCXY COLD,1-MC022,MCXY-COLD  1x12x10S,"6,257.95"
OTB,OB2,OB21,LINE2,2026,Q1,3,Existing Products,Product Push,NITE CAP,3-NI002,NITE CAP 1X10X10S (BOX),934.58
OTB,OB2,OB21,LINE2,2026,Q1,3,Existing Products,Product Push,ONJEL,1-ON004,ONJEL 20 1X28'S,"4,553.27"
OTB,OB2,OB21,LINE2,2026,Q1,3,Existing Products,Product Push,SALDA  INHALE,BFS-5-SA001,SALDA  INHALE 2.5 ML 1X20X2.5 ML,"5,084.11"
OTB,OB2,OB21,LINE2,2026,Q1,3,Existing Products,Product Push,TRANCELTEAR,BFS-1-TR001,TRANCELTEAR 0.8 mL 1x30x0.8 mL,"15,047.64"
OTB,OB2,OB21,LINE2,2026,Q1,3,Existing Products,Product Push,TRANCELTEAR,BFS-1-TR002,TRANCELTEAR  0.8 mL 1 x 10 x 0.8 mL,"4,159.44"
OTB,OB2,OB21,LINE2,2026,Q1,3,New Product,New Product,DROGESTON,1-DR001,DROGESTON 1x1x10s,280.37
OTB,OB2,OB21,LINE2,2026,Q1,3,New Product,New Product,MONAS,1-MO007,MONAS 1x21S,"10,985.05"
OTB,OB2,OB21,LINE2,2026,Q1,3,New Product,New Product,Ophtocin eye drop,BFS-2-OP001,Ophtocin eye drop 5 ml 1x5 mL,897.2
OTB,OB2,OB21,LINE2,2026,Q1,3,New Product,New Product,ZEROTAN,1-ZE001,ZEROTAN 1X2S,"11,887.86"
OTB,OB2,OB21,LINE2,2026,Q1,3,New Product,New Product,ZOMOXIN EYE DROPS,BFS-1-ZO001,ZOMOXIN EYE DROPS 1X5 ML,723.36
OTB,OB2,OB21,LINE2,2026,Q2,4,Existing Products,Other Product,CAZOSIN,1-CA045,CAZOSIN 2 mg.(Blister) 1X10X10'S,"1,682.24"
OTB,OB2,OB21,LINE2,2026,Q2,4,Existing Products,Other Product,CYSTALINE,1-CY001,CYSTALINE  1x10'S,"1,233.64"
OTB,OB2,OB21,LINE2,2026,Q2,4,Existing Products,Other Product,DENOX,9-DE001,DENOX 1X10 ML (0.05%),607.48
OTB,OB2,OB21,LINE2,2026,Q2,4,Existing Products,Other Product,DENOX,9-DE002,DENOX 1X10 ML (0.1%),700.93
OTB,OB2,OB21,LINE2,2026,Q2,4,Existing Products,Other Product,K-ZUVA,1-KZ002,K-ZUVA  10 1X3X10'S,"3,925.23"
OTB,OB2,OB21,LINE2,2026,Q2,4,Existing Products,Other Product,METFOR,1-ME002,METFOR-500 1X10X10'S,630.84
OTB,OB2,OB21,LINE2,2026,Q2,4,Existing Products,Other Product,METFOR,1-ME029,METFOR-850 1X10X10'S,"5,327.10"
OTB,OB2,OB21,LINE2,2026,Q2,4,Existing Products,Other Product,MILLIOPH,BFS-1-MI012,MILLIOPH EYEDROP 10 ml 1X10 ml,"1,375.70"
OTB,OB2,OB21,LINE2,2026,Q2,4,Existing Products,Other Product,MILTEAR,BFS-1-MI005,MILTEAR 1X30X1 ML,"1,345.79"
OTB,OB2,OB21,LINE2,2026,Q2,4,Existing Products,Other Product,MILTEAR,BFS-1-MI015,MILTEAR MD 1X10 ML,"8,411.21"
OTB,OB2,OB21,LINE2,2026,Q2,4,Existing Products,Product Push,AVAFAST,1-AV003,AVAFAST-60 1X10'S,639.26
OTB,OB2,OB21,LINE2,2026,Q2,4,Existing Products,Product Push,MAPLE FORTE,1-MA008,MAPLE FORTE 1X12X1'S(BOX),"6,828.04"
OTB,OB2,OB21,LINE2,2026,Q2,4,Existing Products,Product Push,ONJEL,1-ON004,ONJEL 20 1X28'S,"1,828.04"
OTB,OB2,OB21,LINE2,2026,Q2,4,Existing Products,Product Push,SALDA  INHALE,BFS-5-SA001,SALDA  INHALE 2.5 ML 1X20X2.5 ML,"2,429.91"
OTB,OB2,OB21,LINE2,2026,Q2,4,Existing Products,Product Push,TRANCELTEAR,BFS-1-TR002,TRANCELTEAR  0.8 mL 1 x 10 x 0.8 mL,386.92
OTB,OB2,OB21,LINE2,2026,Q2,4,New Product,New Product,ZEROTAN,1-ZE001,ZEROTAN 1X2S,"6,728.98"
OTB,OB2,OB22,LINE2,2026,Q1,1,Existing Products,Other Product,CAZOSIN,1-CA045,CAZOSIN 2 mg.(Blister) 1X10X10'S,"6,728.98"
OTB,OB2,OB22,LINE2,2026,Q1,1,Existing Products,Other Product,CAZOSIN,1-CA046,CAZOSIN 4MG.(Blister)  1X10X10'S,"5,233.64"
OTB,OB2,OB22,LINE2,2026,Q1,1,Existing Products,Other Product,CYSTALINE,1-CY001,CYSTALINE  1x10'S,"31,775.70"
OTB,OB2,OB22,LINE2,2026,Q1,1,Existing Products,Other Product,CYSTALINE,1-CY007,Cystaline Effervescent Tablet (Strip) 1x5x4's,"4,906.54"
OTB,OB2,OB22,LINE2,2026,Q1,1,Existing Products,Other Product,EZB-10,1-EZ001,EZB-10 1X3X10'S,"59,663.55"
OTB,OB2,OB22,LINE2,2026,Q1,1,Existing Products,Other Product,FLOXY EAR DROPS,BFS-1-FL003,FLOXY EAR DROPS(BFS) 1X5 ML,"22,476.64"
OTB,OB2,OB22,LINE2,2026,Q1,1,Existing Products,Other Product,K-ZUVA,1-KZ002,K-ZUVA  10 1X3X10'S,"3,925.23"
OTB,OB2,OB22,LINE2,2026,Q1,1,Existing Products,Other Product,METFOR,1-ME002,METFOR-500 1X10X10'S,"14,719.63"
OTB,OB2,OB22,LINE2,2026,Q1,1,Existing Products,Other Product,MILLIOPH,BFS-1-MI012,MILLIOPH EYEDROP 10 ml 1X10 ml,"1,345.79"
OTB,OB2,OB22,LINE2,2026,Q1,1,Existing Products,Other Product,MILLITAM,1-MI013,MILLITAM-500 1X6X10'S,"15,700.93"
OTB,OB2,OB22,LINE2,2026,Q1,1,Existing Products,Other Product,MILTEAR,BFS-1-MI005,MILTEAR 1X30X1 ML,"2,691.58"
OTB,OB2,OB22,LINE2,2026,Q1,1,Existing Products,Other Product,MILTEAR,BFS-1-MI015,MILTEAR MD 1X10 ML,"30,280.37"
OTB,OB2,OB22,LINE2,2026,Q1,1,Existing Products,Other Product,NEUMANTINE/MEMO,1-NE013,Neumantine  1x2x14's  (Box),"23,364.48"
OTB,OB2,OB22,LINE2,2026,Q1,1,Existing Products,Product Push,AVAFAST,1-AV001,AVAFAST-180 1X10'S,"11,009.34"
OTB,OB2,OB22,LINE2,2026,Q1,1,Existing Products,Product Push,AVAFAST,1-AV003,AVAFAST-60 1X10'S,"2,364.48"
OTB,OB2,OB22,LINE2,2026,Q1,1,Existing Products,Product Push,FINASCIA,1-FI002,FINASCIA   1X3X10S,"2,616.82"
OTB,OB2,OB22,LINE2,2026,Q1,1,Existing Products,Product Push,MAPLE FORTE,1-MA008,MAPLE FORTE 1X12X1'S(BOX),"4,813.09"
OTB,OB2,OB22,LINE2,2026,Q1,1,Existing Products,Product Push,MCXY COLD,1-MC022,MCXY-COLD  1x12x10S,"1,614.95"
OTB,OB2,OB22,LINE2,2026,Q1,1,Existing Products,Product Push,NITE CAP,3-NI002,NITE CAP 1X10X10S (BOX),295.33
OTB,OB2,OB22,LINE2,2026,Q1,1,Existing Products,Product Push,ONJEL,1-ON004,ONJEL 20 1X28'S,"11,775.69"
OTB,OB2,OB22,LINE2,2026,Q1,1,Existing Products,Product Push,SALDA  INHALE,BFS-5-SA001,SALDA  INHALE 2.5 ML 1X20X2.5 ML,"-3,878.50"
OTB,OB2,OB22,LINE2,2026,Q1,1,Existing Products,Product Push,TRANCELTEAR,BFS-1-TR001,TRANCELTEAR 0.8 mL 1x30x0.8 mL,"36,074.78"
OTB,OB2,OB22,LINE2,2026,Q1,1,New Product,New Product,MONAS,1-MO007,MONAS 1x21S,"3,728.97"
OTB,OB2,OB22,LINE2,2026,Q1,1,New Product,New Product,Ophtocin eye drop,BFS-2-OP001,Ophtocin eye drop 5 ml 1x5 mL,"2,242.99"
OTB,OB2,OB22,LINE2,2026,Q1,1,New Product,New Product,T-OPH,BFS-2-TO001,T-OPH(SOC) 5 ML    1 x 5 ML,"2,859.81"
OTB,OB2,OB22,LINE2,2026,Q1,1,New Product,New Product,ZEROTAN,1-ZE001,ZEROTAN 1X2S,"3,364.49"
OTB,OB2,OB22,LINE2,2026,Q1,1,New Product,New Product,ZOMOXIN EYE DROPS,BFS-1-ZO001,ZOMOXIN EYE DROPS 1X5 ML,"1,682.24"
OTB,OB2,OB22,LINE2,2026,Q1,2,Existing Products,Other Product,CAZOSIN,1-CA045,CAZOSIN 2 mg.(Blister) 1X10X10'S,"13,457.95"
OTB,OB2,OB22,LINE2,2026,Q1,2,Existing Products,Other Product,CAZOSIN,1-CA046,CAZOSIN 4MG.(Blister)  1X10X10'S,"5,420.56"
OTB,OB2,OB22,LINE2,2026,Q1,2,Existing Products,Other Product,CYSTALINE,1-CY001,CYSTALINE  1x10'S,"21,102.81"
OTB,OB2,OB22,LINE2,2026,Q1,2,Existing Products,Other Product,CYSTALINE,1-CY007,Cystaline Effervescent Tablet (Strip) 1x5x4's,"1,635.51"
OTB,OB2,OB22,LINE2,2026,Q1,2,Existing Products,Other Product,DENOX,9-DE002,DENOX 1X10 ML (0.1%),"3,925.23"
OTB,OB2,OB22,LINE2,2026,Q1,2,Existing Products,Other Product,EZB-10,1-EZ001,EZB-10 1X3X10'S,"51,028.03"
OTB,OB2,OB22,LINE2,2026,Q1,2,Existing Products,Other Product,FLOXY EAR DROPS,BFS-1-FL003,FLOXY EAR DROPS(BFS) 1X5 ML,"27,060.73"
OTB,OB2,OB22,LINE2,2026,Q1,2,Existing Products,Other Product,K-ZUVA,1-KZ001,K-ZUVA 20 1X3X10'S,"6,728.97"
OTB,OB2,OB22,LINE2,2026,Q1,2,Existing Products,Other Product,K-ZUVA,1-KZ002,K-ZUVA  10 1X3X10'S,"23,551.39"
OTB,OB2,OB22,LINE2,2026,Q1,2,Existing Products,Other Product,METFOR,1-ME002,METFOR-500 1X10X10'S,"14,135.50"
OTB,OB2,OB22,LINE2,2026,Q1,2,Existing Products,Other Product,METFOR,1-ME029,METFOR-850 1X10X10'S,"15,439.26"
OTB,OB2,OB22,LINE2,2026,Q1,2,Existing Products,Other Product,MILLIOPH,BFS-1-MI011,MILLIOPH EYEDROP 5 ml 1X5 ml,"1,607.48"
OTB,OB2,OB22,LINE2,2026,Q1,2,Existing Products,Other Product,MILLIOPH,BFS-1-MI012,MILLIOPH EYEDROP 10 ml 1X10 ml,"5,613.08"
OTB,OB2,OB22,LINE2,2026,Q1,2,Existing Products,Other Product,MILTEAR,BFS-1-MI005,MILTEAR 1X30X1 ML,"15,177.55"
OTB,OB2,OB22,LINE2,2026,Q1,2,Existing Products,Other Product,MILTEAR,BFS-1-MI015,MILTEAR MD 1X10 ML,"75,700.91"
OTB,OB2,OB22,LINE2,2026,Q1,2,Existing Products,Other Product,MINOZ,1-MI011,MINOZ 28 1X28'S,"14,613.09"
OTB,OB2,OB22,LINE2,2026,Q1,2,Existing Products,Other Product,NEUMANTINE/MEMO,1-NE013,Neumantine  1x2x14's  (Box),"20,261.68"
OTB,OB2,OB22,LINE2,2026,Q1,2,Existing Products,Product Push,AVAFAST,1-AV001,AVAFAST-180 1X10'S,"27,939.24"
OTB,OB2,OB22,LINE2,2026,Q1,2,Existing Products,Product Push,AVAFAST,1-AV003,AVAFAST-60 1X10'S,"7,102.80"
OTB,OB2,OB22,LINE2,2026,Q1,2,Existing Products,Product Push,FINASCIA,1-FI002,FINASCIA   1X3X10S,"5,233.64"
OTB,OB2,OB22,LINE2,2026,Q1,2,Existing Products,Product Push,MAPLE FORTE,1-MA008,MAPLE FORTE 1X12X1'S(BOX),"82,114.02"
OTB,OB2,OB22,LINE2,2026,Q1,2,Existing Products,Product Push,MCXY COLD,1-MC022,MCXY-COLD  1x12x10S,"3,028.04"
OTB,OB2,OB22,LINE2,2026,Q1,2,Existing Products,Product Push,NITE CAP,3-NI002,NITE CAP 1X10X10S (BOX),"2,362.62"
OTB,OB2,OB22,LINE2,2026,Q1,2,Existing Products,Product Push,ONJEL,1-ON004,ONJEL 20 1X28'S,"25,570.10"
OTB,OB2,OB22,LINE2,2026,Q1,2,Existing Products,Product Push,SALDA  INHALE,BFS-5-SA001,SALDA  INHALE 2.5 ML 1X20X2.5 ML,"80,186.92"
OTB,OB2,OB22,LINE2,2026,Q1,2,Existing Products,Product Push,TRANCELTEAR,BFS-1-TR001,TRANCELTEAR 0.8 mL 1x30x0.8 mL,"38,551.41"
OTB,OB2,OB22,LINE2,2026,Q1,2,New Product,New Product,MONAS,1-MO007,MONAS 1x21S,413.89
OTB,OB2,OB22,LINE2,2026,Q1,2,New Product,New Product,Ophtocin eye drop,BFS-2-OP001,Ophtocin eye drop 5 ml 1x5 mL,"4,485.96"
OTB,OB2,OB22,LINE2,2026,Q1,2,New Product,New Product,T-OPH,BFS-2-TO001,T-OPH(SOC) 5 ML    1 x 5 ML,"2,542.05"
OTB,OB2,OB22,LINE2,2026,Q1,2,New Product,New Product,ZEROTAN,1-ZE001,ZEROTAN 1X2S,"2,803.74"
OTB,OB2,OB22,LINE2,2026,Q1,2,New Product,New Product,ZOMOXIN EYE DROPS,BFS-1-ZO001,ZOMOXIN EYE DROPS 1X5 ML,"1,925.23"
OTB,OB2,OB22,LINE2,2026,Q1,3,Existing Products,Other Product,CAZOSIN,1-CA045,CAZOSIN 2 mg.(Blister) 1X10X10'S,"17,300.95"
OTB,OB2,OB22,LINE2,2026,Q1,3,Existing Products,Other Product,CAZOSIN,1-CA046,CAZOSIN 4MG.(Blister)  1X10X10'S,"5,233.64"
OTB,OB2,OB22,LINE2,2026,Q1,3,Existing Products,Other Product,CYSTALINE,1-CY001,CYSTALINE  1x10'S,"15,196.28"
OTB,OB2,OB22,LINE2,2026,Q1,3,Existing Products,Other Product,CYSTALINE,1-CY007,Cystaline Effervescent Tablet (Strip) 1x5x4's,"4,672.89"
OTB,OB2,OB22,LINE2,2026,Q1,3,Existing Products,Other Product,DENOX,9-DE002,DENOX 1X10 ML (0.1%),"1,401.86"
OTB,OB2,OB22,LINE2,2026,Q1,3,Existing Products,Other Product,EZB-10,1-EZ001,EZB-10 1X3X10'S,"78,594.98"
OTB,OB2,OB22,LINE2,2026,Q1,3,Existing Products,Other Product,FLOXY EAR DROPS,BFS-1-FL003,FLOXY EAR DROPS(BFS) 1X5 ML,"43,691.57"
OTB,OB2,OB22,LINE2,2026,Q1,3,Existing Products,Other Product,K-ZUVA,1-KZ001,K-ZUVA 20 1X3X10'S,"13,457.94"
OTB,OB2,OB22,LINE2,2026,Q1,3,Existing Products,Other Product,K-ZUVA,1-KZ002,K-ZUVA  10 1X3X10'S,"31,401.87"
OTB,OB2,OB22,LINE2,2026,Q1,3,Existing Products,Other Product,METFOR,1-ME002,METFOR-500 1X10X10'S,"6,672.89"
OTB,OB2,OB22,LINE2,2026,Q1,3,Existing Products,Other Product,METFOR,1-ME029,METFOR-850 1X10X10'S,897.2
OTB,OB2,OB22,LINE2,2026,Q1,3,Existing Products,Other Product,MEXY SYRUP,2-ME004,MEXY SYRUP 1X60 ML (กล่องรูปเด็ก),226.17
OTB,OB2,OB22,LINE2,2026,Q1,3,Existing Products,Other Product,MILLIOPH,BFS-1-MI011,MILLIOPH EYEDROP 5 ml 1X5 ml,"6,654.20"
OTB,OB2,OB22,LINE2,2026,Q1,3,Existing Products,Other Product,MILLIOPH,BFS-1-MI012,MILLIOPH EYEDROP 10 ml 1X10 ml,"4,026.17"
OTB,OB2,OB22,LINE2,2026,Q1,3,Existing Products,Other Product,MILTEAR,BFS-1-MI005,MILTEAR 1X30X1 ML,"27,065.40"
OTB,OB2,OB22,LINE2,2026,Q1,3,Existing Products,Other Product,MILTEAR,BFS-1-MI015,MILTEAR MD 1X10 ML,"80,280.35"
OTB,OB2,OB22,LINE2,2026,Q1,3,Existing Products,Other Product,MINOZ,1-MI011,MINOZ 28 1X28'S,"5,484.11"
OTB,OB2,OB22,LINE2,2026,Q1,3,Existing Products,Other Product,NEUMANTINE/MEMO,1-NE013,Neumantine  1x2x14's  (Box),"21,794.39"
OTB,OB2,OB22,LINE2,2026,Q1,3,Existing Products,Product Push,AVAFAST,1-AV001,AVAFAST-180 1X10'S,"19,439.26"
OTB,OB2,OB22,LINE2,2026,Q1,3,Existing Products,Product Push,AVAFAST,1-AV003,AVAFAST-60 1X10'S,"7,457.94"
OTB,OB2,OB22,LINE2,2026,Q1,3,Existing Products,Product Push,FINASCIA,1-FI002,FINASCIA   1X3X10S,"34,018.68"
OTB,OB2,OB22,LINE2,2026,Q1,3,Existing Products,Product Push,MAPLE FORTE,1-MA008,MAPLE FORTE 1X12X1'S(BOX),"41,910.29"
OTB,OB2,OB22,LINE2,2026,Q1,3,Existing Products,Product Push,NITE CAP,3-NI002,NITE CAP 1X10X10S (BOX),"2,725.24"
OTB,OB2,OB22,LINE2,2026,Q1,3,Existing Products,Product Push,SALDA  INHALE,BFS-5-SA001,SALDA  INHALE 2.5 ML 1X20X2.5 ML,"37,345.80"
OTB,OB2,OB22,LINE2,2026,Q1,3,Existing Products,Product Push,TRANCELTEAR,BFS-1-TR001,TRANCELTEAR 0.8 mL 1x30x0.8 mL,"68,107.48"
OTB,OB2,OB22,LINE2,2026,Q1,3,Existing Products,Product Push,TRANCELTEAR,BFS-1-TR002,TRANCELTEAR  0.8 mL 1 x 10 x 0.8 mL,266.36
OTB,OB2,OB22,LINE2,2026,Q1,3,New Product,New Product,DROGESTON,1-DR001,DROGESTON 1x1x10s,560.75
OTB,OB2,OB22,LINE2,2026,Q1,3,New Product,New Product,MONAS,1-MO007,MONAS 1x21S,"10,640.19"
OTB,OB2,OB22,LINE2,2026,Q1,3,New Product,New Product,Ophtocin eye drop,BFS-2-OP001,Ophtocin eye drop 5 ml 1x5 mL,"5,607.47"
OTB,OB2,OB22,LINE2,2026,Q1,3,New Product,New Product,T-OPH,BFS-2-TO001,T-OPH(SOC) 5 ML    1 x 5 ML,"4,575.70"
OTB,OB2,OB22,LINE2,2026,Q1,3,New Product,New Product,ZEROTAN,1-ZE001,ZEROTAN 1X2S,"10,643.37"
OTB,OB2,OB22,LINE2,2026,Q1,3,New Product,New Product,ZOMOXIN EYE DROPS,BFS-1-ZO001,ZOMOXIN EYE DROPS 1X5 ML,"5,532.71"
OTB,OB2,OB22,LINE2,2026,Q2,4,Existing Products,Other Product,CAZOSIN,1-CA045,CAZOSIN 2 mg.(Blister) 1X10X10'S,"3,364.49"
OTB,OB2,OB22,LINE2,2026,Q2,4,Existing Products,Other Product,EZB-10,1-EZ001,EZB-10 1X3X10'S,"51,140.18"
OTB,OB2,OB22,LINE2,2026,Q2,4,Existing Products,Other Product,FLOXY EAR DROPS,BFS-1-FL003,FLOXY EAR DROPS(BFS) 1X5 ML,"8,644.86"
OTB,OB2,OB22,LINE2,2026,Q2,4,Existing Products,Other Product,K-ZUVA,1-KZ002,K-ZUVA  10 1X3X10'S,"7,850.46"
OTB,OB2,OB22,LINE2,2026,Q2,4,Existing Products,Other Product,METFOR,1-ME029,METFOR-850 1X10X10'S,"5,327.10"
OTB,OB2,OB22,LINE2,2026,Q2,4,Existing Products,Other Product,MILTEAR,BFS-1-MI005,MILTEAR 1X30X1 ML,"9,196.26"
OTB,OB2,OB22,LINE2,2026,Q2,4,Existing Products,Other Product,MILTEAR,BFS-1-MI015,MILTEAR MD 1X10 ML,"4,205.61"
OTB,OB2,OB22,LINE2,2026,Q2,4,Existing Products,Other Product,NEUMANTINE/MEMO,1-NE013,Neumantine  1x2x14's  (Box),"28,037.38"
OTB,OB2,OB22,LINE2,2026,Q2,4,Existing Products,Product Push,AVAFAST,1-AV003,AVAFAST-60 1X10'S,"1,775.70"
OTB,OB2,OB22,LINE2,2026,Q2,4,Existing Products,Product Push,FINASCAR,1-FI001,FINASCAR 5 MG.(Blister Unit dose) 1X3X10S,"11,214.95"
OTB,OB2,OB22,LINE2,2026,Q2,4,Existing Products,Product Push,MAPLE FORTE,1-MA008,MAPLE FORTE 1X12X1'S(BOX),"8,411.21"
OTB,OB2,OB22,LINE2,2026,Q2,4,Existing Products,Product Push,NITE CAP,3-NI002,NITE CAP 1X10X10S (BOX),934.58
OTB,OB2,OB22,LINE2,2026,Q2,4,Existing Products,Product Push,SALDA  INHALE,BFS-5-SA001,SALDA  INHALE 2.5 ML 1X20X2.5 ML,"4,859.81"
OTB,OB2,OB22,LINE2,2026,Q2,4,Existing Products,Product Push,TRANCELTEAR,BFS-1-TR001,TRANCELTEAR 0.8 mL 1x30x0.8 mL,"14,649.53"
OTB,OB2,OB22,LINE2,2026,Q2,4,New Product,New Product,MONAS,1-MO007,MONAS 1x21S,"1,864.49"
OTB,OB2,OB22,LINE2,2026,Q2,4,New Product,New Product,Ophtocin eye drop,BFS-2-OP001,Ophtocin eye drop 5 ml 1x5 mL,"1,495.33"
OTB,OB2,OB23,LINE2,2026,Q1,1,Existing Products,Other Product,CAZOSIN,1-CA045,CAZOSIN 2 mg.(Blister) 1X10X10'S,"8,411.22"
OTB,OB2,OB23,LINE2,2026,Q1,1,Existing Products,Other Product,CAZOSIN,1-CA046,CAZOSIN 4MG.(Blister)  1X10X10'S,"15,700.92"
OTB,OB2,OB23,LINE2,2026,Q1,1,Existing Products,Other Product,CYSTALINE,1-CY001,CYSTALINE  1x10'S,"7,149.53"
OTB,OB2,OB23,LINE2,2026,Q1,1,Existing Products,Other Product,CYSTALINE,1-CY007,Cystaline Effervescent Tablet (Strip) 1x5x4's,"13,317.75"
OTB,OB2,OB23,LINE2,2026,Q1,1,Existing Products,Other Product,EZB-10,1-EZ001,EZB-10 1X3X10'S,"59,663.55"
OTB,OB2,OB23,LINE2,2026,Q1,1,Existing Products,Other Product,FLOXY EAR DROPS,BFS-1-FL003,FLOXY EAR DROPS(BFS) 1X5 ML,"20,210.27"
OTB,OB2,OB23,LINE2,2026,Q1,1,Existing Products,Other Product,K-ZUVA,1-KZ001,K-ZUVA 20 1X3X10'S,"7,850.47"
OTB,OB2,OB23,LINE2,2026,Q1,1,Existing Products,Other Product,K-ZUVA,1-KZ002,K-ZUVA  10 1X3X10'S,"23,551.40"
OTB,OB2,OB23,LINE2,2026,Q1,1,Existing Products,Other Product,METFOR,1-ME002,METFOR-500 1X10X10'S,"14,719.63"
OTB,OB2,OB23,LINE2,2026,Q1,1,Existing Products,Other Product,METFOR,1-ME029,METFOR-850 1X10X10'S,"11,401.86"
OTB,OB2,OB23,LINE2,2026,Q1,1,Existing Products,Other Product,MEXY SYRUP,2-ME004,MEXY SYRUP 1X60 ML (กล่องรูปเด็ก),"1,747.66"
OTB,OB2,OB23,LINE2,2026,Q1,1,Existing Products,Other Product,MILLIOPH,BFS-1-MI011,MILLIOPH EYEDROP 5 ml 1X5 ml,"1,261.68"
OTB,OB2,OB23,LINE2,2026,Q1,1,Existing Products,Other Product,MILLIOPH,BFS-1-MI012,MILLIOPH EYEDROP 10 ml 1X10 ml,"4,934.58"
OTB,OB2,OB23,LINE2,2026,Q1,1,Existing Products,Other Product,MILTEAR,BFS-1-MI005,MILTEAR 1X30X1 ML,"10,542.06"
OTB,OB2,OB23,LINE2,2026,Q1,1,Existing Products,Other Product,MILTEAR,BFS-1-MI015,MILTEAR MD 1X10 ML,"43,738.32"
OTB,OB2,OB23,LINE2,2026,Q1,1,Existing Products,Other Product,MINOZ,1-MI011,MINOZ 28 1X28'S,"-6,056.07"
OTB,OB2,OB23,LINE2,2026,Q1,1,Existing Products,Product Push,AVAFAST,1-AV001,AVAFAST-180 1X10'S,"25,357.01"
OTB,OB2,OB23,LINE2,2026,Q1,1,Existing Products,Product Push,AVAFAST,1-AV003,AVAFAST-60 1X10'S,"19,663.54"
OTB,OB2,OB23,LINE2,2026,Q1,1,Existing Products,Product Push,MAPLE FORTE,1-MA008,MAPLE FORTE 1X12X1'S(BOX),"13,856.07"
OTB,OB2,OB23,LINE2,2026,Q1,1,Existing Products,Product Push,NITE CAP,3-NI002,NITE CAP 1X10X10S (BOX),"6,444.86"
OTB,OB2,OB23,LINE2,2026,Q1,1,Existing Products,Product Push,ONJEL,1-ON004,ONJEL 20 1X28'S,"17,293.44"
OTB,OB2,OB23,LINE2,2026,Q1,1,Existing Products,Product Push,SALDA  INHALE,BFS-5-SA001,SALDA  INHALE 2.5 ML 1X20X2.5 ML,"21,869.15"
OTB,OB2,OB23,LINE2,2026,Q1,1,Existing Products,Product Push,TRANCELTEAR,BFS-1-TR001,TRANCELTEAR 0.8 mL 1x30x0.8 mL,"28,949.17"
OTB,OB2,OB23,LINE2,2026,Q1,1,New Product,New Product,T-OPH,BFS-2-TO001,T-OPH(SOC) 5 ML    1 x 5 ML,"3,813.08"
OTB,OB2,OB23,LINE2,2026,Q1,2,Existing Products,Other Product,CAZOSIN,1-CA045,CAZOSIN 2 mg.(Blister) 1X10X10'S,"21,869.18"
OTB,OB2,OB23,LINE2,2026,Q1,2,Existing Products,Other Product,CAZOSIN,1-CA046,CAZOSIN 4MG.(Blister)  1X10X10'S,"9,719.62"
OTB,OB2,OB23,LINE2,2026,Q1,2,Existing Products,Other Product,CLEO,1-CL001,CLEO  1X50X28'S (BOX),448.6
OTB,OB2,OB23,LINE2,2026,Q1,2,Existing Products,Other Product,CYSTALINE,1-CY001,CYSTALINE  1x10'S,"34,953.27"
OTB,OB2,OB23,LINE2,2026,Q1,2,Existing Products,Other Product,CYSTALINE,1-CY007,Cystaline Effervescent Tablet (Strip) 1x5x4's,"10,981.31"
OTB,OB2,OB23,LINE2,2026,Q1,2,Existing Products,Other Product,DENOX,9-DE002,DENOX 1X10 ML (0.1%),700.93
OTB,OB2,OB23,LINE2,2026,Q1,2,Existing Products,Other Product,EZB-10,1-EZ001,EZB-10 1X3X10'S,"59,663.53"
OTB,OB2,OB23,LINE2,2026,Q1,2,Existing Products,Other Product,FLOXY EAR DROPS,BFS-1-FL003,FLOXY EAR DROPS(BFS) 1X5 ML,"32,943.92"
OTB,OB2,OB23,LINE2,2026,Q1,2,Existing Products,Other Product,K-ZUVA,1-KZ001,K-ZUVA 20 1X3X10'S,"6,728.97"
OTB,OB2,OB23,LINE2,2026,Q1,2,Existing Products,Other Product,K-ZUVA,1-KZ002,K-ZUVA  10 1X3X10'S,"19,626.17"
OTB,OB2,OB23,LINE2,2026,Q1,2,Existing Products,Other Product,METFOR,1-ME002,METFOR-500 1X10X10'S,"14,009.35"
OTB,OB2,OB23,LINE2,2026,Q1,2,Existing Products,Other Product,METFOR,1-ME029,METFOR-850 1X10X10'S,"5,327.10"
OTB,OB2,OB23,LINE2,2026,Q1,2,Existing Products,Other Product,MEXY SYRUP,2-ME004,MEXY SYRUP 1X60 ML (กล่องรูปเด็ก),"8,738.32"
OTB,OB2,OB23,LINE2,2026,Q1,2,Existing Products,Other Product,MILLIOPH,BFS-1-MI011,MILLIOPH EYEDROP 5 ml 1X5 ml,"3,084.11"
OTB,OB2,OB23,LINE2,2026,Q1,2,Existing Products,Other Product,MILLIOPH,BFS-1-MI012,MILLIOPH EYEDROP 10 ml 1X10 ml,"8,074.76"
OTB,OB2,OB23,LINE2,2026,Q1,2,Existing Products,Other Product,MILTEAR,BFS-1-MI005,MILTEAR 1X30X1 ML,"23,775.70"
OTB,OB2,OB23,LINE2,2026,Q1,2,Existing Products,Other Product,MILTEAR,BFS-1-MI015,MILTEAR MD 1X10 ML,"34,485.96"
OTB,OB2,OB23,LINE2,2026,Q1,2,Existing Products,Other Product,MINOZ,1-MI011,MINOZ 28 1X28'S,"37,457.95"
OTB,OB2,OB23,LINE2,2026,Q1,2,Existing Products,Product Push,AVAFAST,1-AV001,AVAFAST-180 1X10'S,"11,009.34"
OTB,OB2,OB23,LINE2,2026,Q1,2,Existing Products,Product Push,AVAFAST,1-AV003,AVAFAST-60 1X10'S,"1,775.70"
OTB,OB2,OB23,LINE2,2026,Q1,2,Existing Products,Product Push,MAPLE FORTE,1-MA008,MAPLE FORTE 1X12X1'S(BOX),"38,029.89"
OTB,OB2,OB23,LINE2,2026,Q1,2,Existing Products,Product Push,MCXY COLD,1-MC022,MCXY-COLD  1x12x10S,"3,028.05"
OTB,OB2,OB23,LINE2,2026,Q1,2,Existing Products,Product Push,NITE CAP,3-NI002,NITE CAP 1X10X10S (BOX),"1,869.16"
OTB,OB2,OB23,LINE2,2026,Q1,2,Existing Products,Product Push,ONJEL,1-ON004,ONJEL 20 1X28'S,"18,841.13"
OTB,OB2,OB23,LINE2,2026,Q1,2,Existing Products,Product Push,SALDA  INHALE,BFS-5-SA001,SALDA  INHALE 2.5 ML 1X20X2.5 ML,"38,878.49"
OTB,OB2,OB23,LINE2,2026,Q1,2,Existing Products,Product Push,TRANCELTEAR,BFS-1-TR001,TRANCELTEAR 0.8 mL 1x30x0.8 mL,"53,457.95"
OTB,OB2,OB23,LINE2,2026,Q1,2,Existing Products,Product Push,TRANCELTEAR,BFS-1-TR002,TRANCELTEAR  0.8 mL 1 x 10 x 0.8 mL,"1,509.35"
OTB,OB2,OB23,LINE2,2026,Q1,2,New Product,New Product,Ophtocin eye drop,BFS-2-OP001,Ophtocin eye drop 5 ml 1x5 mL,747.66
OTB,OB2,OB23,LINE2,2026,Q1,2,New Product,New Product,T-OPH,BFS-2-TO001,T-OPH(SOC) 5 ML    1 x 5 ML,"2,542.05"
OTB,OB2,OB23,LINE2,2026,Q1,2,New Product,New Product,ZEROTAN,1-ZE001,ZEROTAN 1X2S,"2,803.74"
OTB,OB2,OB23,LINE2,2026,Q1,3,Existing Products,Other Product,CAZOSIN,1-CA045,CAZOSIN 2 mg.(Blister) 1X10X10'S,"15,140.19"
OTB,OB2,OB23,LINE2,2026,Q1,3,Existing Products,Other Product,CAZOSIN,1-CA046,CAZOSIN 4MG.(Blister)  1X10X10'S,"10,467.28"
OTB,OB2,OB23,LINE2,2026,Q1,3,Existing Products,Other Product,CYSTALINE,1-CY001,CYSTALINE  1x10'S,"25,420.56"
OTB,OB2,OB23,LINE2,2026,Q1,3,Existing Products,Other Product,CYSTALINE,1-CY007,Cystaline Effervescent Tablet (Strip) 1x5x4's,"4,672.90"
OTB,OB2,OB23,LINE2,2026,Q1,3,Existing Products,Other Product,DENOX,9-DE001,DENOX 1X10 ML (0.05%),607.48
OTB,OB2,OB23,LINE2,2026,Q1,3,Existing Products,Other Product,EZB-10,1-EZ001,EZB-10 1X3X10'S,"76,710.28"
OTB,OB2,OB23,LINE2,2026,Q1,3,Existing Products,Other Product,FLOXY EAR DROPS,BFS-1-FL003,FLOXY EAR DROPS(BFS) 1X5 ML,"17,523.35"
OTB,OB2,OB23,LINE2,2026,Q1,3,Existing Products,Other Product,K-ZUVA,1-KZ001,K-ZUVA 20 1X3X10'S,"13,457.94"
OTB,OB2,OB23,LINE2,2026,Q1,3,Existing Products,Other Product,K-ZUVA,1-KZ002,K-ZUVA  10 1X3X10'S,"31,401.88"
OTB,OB2,OB23,LINE2,2026,Q1,3,Existing Products,Other Product,METFOR,1-ME002,METFOR-500 1X10X10'S,"16,355.13"
OTB,OB2,OB23,LINE2,2026,Q1,3,Existing Products,Other Product,METFOR,1-ME029,METFOR-850 1X10X10'S,"5,476.63"
OTB,OB2,OB23,LINE2,2026,Q1,3,Existing Products,Other Product,MEXY SYRUP,2-ME004,MEXY SYRUP 1X60 ML (กล่องรูปเด็ก),"7,822.43"
OTB,OB2,OB23,LINE2,2026,Q1,3,Existing Products,Other Product,MILLIOPH,BFS-1-MI012,MILLIOPH EYEDROP 10 ml 1X10 ml,"10,646.72"
OTB,OB2,OB23,LINE2,2026,Q1,3,Existing Products,Other Product,MILTEAR,BFS-1-MI005,MILTEAR 1X30X1 ML,"40,822.43"
OTB,OB2,OB23,LINE2,2026,Q1,3,Existing Products,Other Product,MILTEAR,BFS-1-MI015,MILTEAR MD 1X10 ML,"46,261.67"
OTB,OB2,OB23,LINE2,2026,Q1,3,Existing Products,Other Product,MINOZ,1-MI011,MINOZ 28 1X28'S,"2,915.89"
OTB,OB2,OB23,LINE2,2026,Q1,3,Existing Products,Other Product,MONET,1-MO004,MONET 1X10X10'S,"8,971.97"
OTB,OB2,OB23,LINE2,2026,Q1,3,Existing Products,Other Product,MONKAST,1-MO005,MONKAST-10 1X2X14'S,"2,336.45"
OTB,OB2,OB23,LINE2,2026,Q1,3,Existing Products,Product Push,AVAFAST,1-AV001,AVAFAST-180 1X10'S,"68,644.86"
OTB,OB2,OB23,LINE2,2026,Q1,3,Existing Products,Product Push,AVAFAST,1-AV003,AVAFAST-60 1X10'S,"15,803.73"
OTB,OB2,OB23,LINE2,2026,Q1,3,Existing Products,Product Push,MAPLE FORTE,1-MA008,MAPLE FORTE 1X12X1'S(BOX),"10,588.78"
OTB,OB2,OB23,LINE2,2026,Q1,3,Existing Products,Product Push,MCXY COLD,1-MC022,MCXY-COLD  1x12x10S,"2,018.70"
OTB,OB2,OB23,LINE2,2026,Q1,3,Existing Products,Product Push,ONJEL,1-ON004,ONJEL 20 1X28'S,"4,856.07"
OTB,OB2,OB23,LINE2,2026,Q1,3,Existing Products,Product Push,SALDA  INHALE,BFS-5-SA001,SALDA  INHALE 2.5 ML 1X20X2.5 ML,"38,878.51"
OTB,OB2,OB23,LINE2,2026,Q1,3,Existing Products,Product Push,TRANCELTEAR,BFS-1-TR001,TRANCELTEAR 0.8 mL 1x30x0.8 mL,"67,850.47"
OTB,OB2,OB23,LINE2,2026,Q1,3,Existing Products,Product Push,TRANCELTEAR,BFS-1-TR002,TRANCELTEAR  0.8 mL 1 x 10 x 0.8 mL,-88.79
OTB,OB2,OB23,LINE2,2026,Q1,3,New Product,New Product,MONAS,1-MO007,MONAS 1x21S,"4,149.54"
OTB,OB2,OB23,LINE2,2026,Q1,3,New Product,New Product,Ophtocin eye drop,BFS-2-OP001,Ophtocin eye drop 5 ml 1x5 mL,"1,644.86"
OTB,OB2,OB23,LINE2,2026,Q1,3,New Product,New Product,T-OPH,BFS-2-TO001,T-OPH(SOC) 5 ML    1 x 5 ML,"1,271.03"
OTB,OB2,OB23,LINE2,2026,Q1,3,New Product,New Product,ZEROTAN,1-ZE001,ZEROTAN 1X2S,"5,046.73"
OTB,OB2,OB23,LINE2,2026,Q1,3,New Product,New Product,ZOMOXIN EYE DROPS,BFS-1-ZO001,ZOMOXIN EYE DROPS 1X5 ML,364.49
OTB,OB2,OB23,LINE2,2026,Q2,4,Existing Products,Other Product,CAZOSIN,1-CA046,CAZOSIN 4MG.(Blister)  1X10X10'S,"12,336.44"
OTB,OB2,OB23,LINE2,2026,Q2,4,Existing Products,Other Product,CYSTALINE,1-CY007,Cystaline Effervescent Tablet (Strip) 1x5x4's,"9,345.79"
OTB,OB2,OB23,LINE2,2026,Q2,4,Existing Products,Other Product,EZB-10,1-EZ001,EZB-10 1X3X10'S,"17,046.73"
OTB,OB2,OB23,LINE2,2026,Q2,4,Existing Products,Other Product,K-ZUVA,1-KZ002,K-ZUVA  10 1X3X10'S,"7,850.47"
OTB,OB2,OB23,LINE2,2026,Q2,4,Existing Products,Other Product,METFOR,1-ME002,METFOR-500 1X10X10'S,"3,271.02"
OTB,OB2,OB23,LINE2,2026,Q2,4,Existing Products,Other Product,MILTEAR,BFS-1-MI005,MILTEAR 1X30X1 ML,"9,196.26"
OTB,OB2,OB23,LINE2,2026,Q2,4,Existing Products,Other Product,MILTEAR,BFS-1-MI015,MILTEAR MD 1X10 ML,"14,299.07"
OTB,OB2,OB23,LINE2,2026,Q2,4,Existing Products,Product Push,AVAFAST,1-AV003,AVAFAST-60 1X10'S,-887.85
OTB,OB2,OB23,LINE2,2026,Q2,4,Existing Products,Product Push,MAPLE FORTE,1-MA008,MAPLE FORTE 1X12X1'S(BOX),"2,310.28"
OTB,OB2,OB23,LINE2,2026,Q2,4,Existing Products,Product Push,MCXY COLD,1-MC022,MCXY-COLD  1x12x10S,"-1,009.35"
OTB,OB2,OB23,LINE2,2026,Q2,4,Existing Products,Product Push,SALDA  INHALE,BFS-5-SA001,SALDA  INHALE 2.5 ML 1X20X2.5 ML,"9,719.62"
OTB,OB2,OB23,LINE2,2026,Q2,4,Existing Products,Product Push,TRANCELTEAR,BFS-1-TR001,TRANCELTEAR 0.8 mL 1x30x0.8 mL,"4,369.16"
OTB,OB2,OB23,LINE2,2026,Q2,4,Existing Products,Product Push,TRANCELTEAR,BFS-1-TR002,TRANCELTEAR  0.8 mL 1 x 10 x 0.8 mL,"2,841.12"
OTB,OB2,OB23,LINE2,2026,Q2,4,New Product,New Product,T-OPH,BFS-2-TO001,T-OPH(SOC) 5 ML    1 x 5 ML,"1,906.54"
OTB,OB2,OB23,LINE2,2026,Q2,4,New Product,New Product,ZEROTAN,1-ZE001,ZEROTAN 1X2S,560.75
OTB,OB2,OB24,LINE2,2026,Q1,1,Existing Products,Other Product,CAZOSIN,1-CA046,CAZOSIN 4MG.(Blister)  1X10X10'S,"1,869.16"
OTB,OB2,OB24,LINE2,2026,Q1,1,Existing Products,Other Product,CLEO,1-CL001,CLEO  1X50X28'S (BOX),"2,803.74"
OTB,OB2,OB24,LINE2,2026,Q1,1,Existing Products,Other Product,CYSTALINE,1-CY001,CYSTALINE  1x10'S,"11,074.77"
OTB,OB2,OB24,LINE2,2026,Q1,1,Existing Products,Other Product,DENOX,9-DE001,DENOX 1X10 ML (0.05%), -   
OTB,OB2,OB24,LINE2,2026,Q1,1,Existing Products,Other Product,EZB-10,1-EZ001,EZB-10 1X3X10'S,"1,682.24"
OTB,OB2,OB24,LINE2,2026,Q1,1,Existing Products,Other Product,FLOXY EAR DROPS,BFS-1-FL003,FLOXY EAR DROPS(BFS) 1X5 ML,"10,831.78"
OTB,OB2,OB24,LINE2,2026,Q1,1,Existing Products,Other Product,METFOR,1-ME002,METFOR-500 1X10X10'S,"60,514.02"
OTB,OB2,OB24,LINE2,2026,Q1,1,Existing Products,Other Product,MEXY SYRUP,2-ME004,MEXY SYRUP 1X60 ML (กล่องรูปเด็ก),"3,149.53"
OTB,OB2,OB24,LINE2,2026,Q1,1,Existing Products,Other Product,MILLIOPH,BFS-1-MI012,MILLIOPH EYEDROP 10 ml 1X10 ml,"9,271.02"
OTB,OB2,OB24,LINE2,2026,Q1,1,Existing Products,Other Product,MILTEAR,BFS-1-MI005,MILTEAR 1X30X1 ML,"15,925.23"
OTB,OB2,OB24,LINE2,2026,Q1,1,Existing Products,Other Product,MILTEAR,BFS-1-MI015,MILTEAR MD 1X10 ML,"58,373.84"
OTB,OB2,OB24,LINE2,2026,Q1,1,Existing Products,Other Product,MINOZ,1-MI011,MINOZ 28 1X28'S,"8,411.22"
OTB,OB2,OB24,LINE2,2026,Q1,1,Existing Products,Other Product,MONET,1-MO004,MONET 1X10X10'S,"2,102.80"
OTB,OB2,OB24,LINE2,2026,Q1,1,Existing Products,Product Push,AVAFAST,1-AV001,AVAFAST-180 1X10'S,"10,368.22"
OTB,OB2,OB24,LINE2,2026,Q1,1,Existing Products,Product Push,AVAFAST,1-AV003,AVAFAST-60 1X10'S,"4,719.62"
OTB,OB2,OB24,LINE2,2026,Q1,1,Existing Products,Product Push,MAPLE FORTE,1-MA008,MAPLE FORTE 1X12X1'S(BOX),"17,074.76"
OTB,OB2,OB24,LINE2,2026,Q1,1,Existing Products,Product Push,MCXY COLD,1-MC022,MCXY-COLD  1x12x10S,"104,568.22"
OTB,OB2,OB24,LINE2,2026,Q1,1,Existing Products,Product Push,NITE CAP,3-NI002,NITE CAP 1X10X10S (BOX),"1,771.96"
OTB,OB2,OB24,LINE2,2026,Q1,1,Existing Products,Product Push,ONJEL,1-ON004,ONJEL 20 1X28'S,"15,700.92"
OTB,OB2,OB24,LINE2,2026,Q1,1,Existing Products,Product Push,SALDA  INHALE,BFS-5-SA001,SALDA  INHALE 2.5 ML 1X20X2.5 ML,"4,859.82"
OTB,OB2,OB24,LINE2,2026,Q1,1,Existing Products,Product Push,TRANCELTEAR,BFS-1-TR001,TRANCELTEAR 0.8 mL 1x30x0.8 mL,"8,738.32"
OTB,OB2,OB24,LINE2,2026,Q1,1,New Product,New Product,MONAS,1-MO007,MONAS 1x21S,"24,238.31"
OTB,OB2,OB24,LINE2,2026,Q1,1,New Product,New Product,ZEROTAN,1-ZE001,ZEROTAN 1X2S,"1,121.50"
OTB,OB2,OB24,LINE2,2026,Q1,2,Existing Products,I-HERB,GIFT SET I-HERB TOP 3,8-IH001,GIFT SET I-HERB TOP 3 (OTC),"1,301.87"
OTB,OB2,OB24,LINE2,2026,Q1,2,Existing Products,Other Product,CAZOSIN,1-CA045,CAZOSIN 2 mg.(Blister) 1X10X10'S,"1,682.24"
OTB,OB2,OB24,LINE2,2026,Q1,2,Existing Products,Other Product,CYSTALINE,1-CY001,CYSTALINE  1x10'S,"7,943.94"
OTB,OB2,OB24,LINE2,2026,Q1,2,Existing Products,Other Product,DENOX,9-DE001,DENOX 1X10 ML (0.05%),757.01
OTB,OB2,OB24,LINE2,2026,Q1,2,Existing Products,Other Product,DENOX,9-DE002,DENOX 1X10 ML (0.1%),168.22
OTB,OB2,OB24,LINE2,2026,Q1,2,Existing Products,Other Product,EZB-10,1-EZ001,EZB-10 1X3X10'S,"36,897.20"
OTB,OB2,OB24,LINE2,2026,Q1,2,Existing Products,Other Product,FLOXY EAR DROPS,BFS-1-FL003,FLOXY EAR DROPS(BFS) 1X5 ML,934.58
OTB,OB2,OB24,LINE2,2026,Q1,2,Existing Products,Other Product,K-ZUVA,1-KZ001,K-ZUVA 20 1X3X10'S,"1,682.24"
OTB,OB2,OB24,LINE2,2026,Q1,2,Existing Products,Other Product,K-ZUVA,1-KZ002,K-ZUVA  10 1X3X10'S,925.23
OTB,OB2,OB24,LINE2,2026,Q1,2,Existing Products,Other Product,METFOR,1-ME002,METFOR-500 1X10X10'S,"4,112.15"
OTB,OB2,OB24,LINE2,2026,Q1,2,Existing Products,Other Product,MEXY SYRUP,2-ME004,MEXY SYRUP 1X60 ML (กล่องรูปเด็ก),934.58
OTB,OB2,OB24,LINE2,2026,Q1,2,Existing Products,Other Product,MILLIOPH,BFS-1-MI011,MILLIOPH EYEDROP 5 ml 1X5 ml,"3,327.10"
OTB,OB2,OB24,LINE2,2026,Q1,2,Existing Products,Other Product,MILLIOPH,BFS-1-MI012,MILLIOPH EYEDROP 10 ml 1X10 ml,"9,923.36"
OTB,OB2,OB24,LINE2,2026,Q1,2,Existing Products,Other Product,MILTEAR,BFS-1-MI005,MILTEAR 1X30X1 ML,"55,140.74"
OTB,OB2,OB24,LINE2,2026,Q1,2,Existing Products,Other Product,MILTEAR,BFS-1-MI015,MILTEAR MD 1X10 ML,"34,726.36"
OTB,OB2,OB24,LINE2,2026,Q1,2,Existing Products,Other Product,MINOZ,1-MI011,MINOZ 28 1X28'S,"19,682.24"
OTB,OB2,OB24,LINE2,2026,Q1,2,Existing Products,Other Product,MONET,1-MO004,MONET 1X10X10'S,"5,607.48"
OTB,OB2,OB24,LINE2,2026,Q1,2,Existing Products,Other Product,NEUMANTINE/MEMO,1-NE013,Neumantine  1x2x14's  (Box),"4,672.90"
OTB,OB2,OB24,LINE2,2026,Q1,2,Existing Products,Product Push,AVAFAST,1-AV001,AVAFAST-180 1X10'S,"34,962.63"
OTB,OB2,OB24,LINE2,2026,Q1,2,Existing Products,Product Push,AVAFAST,1-AV003,AVAFAST-60 1X10'S,"6,037.38"
OTB,OB2,OB24,LINE2,2026,Q1,2,Existing Products,Product Push,MAPLE FORTE,1-MA008,MAPLE FORTE 1X12X1'S(BOX),"79,948.37"
OTB,OB2,OB24,LINE2,2026,Q1,2,Existing Products,Product Push,MCXY COLD,1-MC022,MCXY-COLD  1x12x10S,"1,211.22"
OTB,OB2,OB24,LINE2,2026,Q1,2,Existing Products,Product Push,NITE CAP,3-NI002,NITE CAP 1X10X10S (BOX),"11,114.49"
OTB,OB2,OB24,LINE2,2026,Q1,2,Existing Products,Product Push,ONJEL,1-ON004,ONJEL 20 1X28'S,"77,719.63"
OTB,OB2,OB24,LINE2,2026,Q1,2,Existing Products,Product Push,SALDA  INHALE,BFS-5-SA001,SALDA  INHALE 2.5 ML 1X20X2.5 ML,"137,700.95"
OTB,OB2,OB24,LINE2,2026,Q1,2,Existing Products,Product Push,TRANCELTEAR,BFS-1-TR001,TRANCELTEAR 0.8 mL 1x30x0.8 mL,"86,612.15"
OTB,OB2,OB24,LINE2,2026,Q1,2,New Product,New Product,DROGESTON,1-DR001,DROGESTON 1x1x10s,"1,121.50"
OTB,OB2,OB24,LINE2,2026,Q1,2,New Product,New Product,MONAS,1-MO007,MONAS 1x21S,"14,537.38"
OTB,OB2,OB24,LINE2,2026,Q1,2,New Product,New Product,Ophtocin eye drop,BFS-2-OP001,Ophtocin eye drop 5 ml 1x5 mL,747.66
OTB,OB2,OB24,LINE2,2026,Q1,2,New Product,New Product,ZEROTAN,1-ZE001,ZEROTAN 1X2S,"11,775.71"
OTB,OB2,OB24,LINE2,2026,Q1,2,New Product,New Product,ZOMOXIN EYE DROPS,BFS-1-ZO001,ZOMOXIN EYE DROPS 1X5 ML,"1,682.24"
OTB,OB2,OB24,LINE2,2026,Q1,3,Existing Products,Other Product,CAZOSIN,1-CA045,CAZOSIN 2 mg.(Blister) 1X10X10'S,"1,315.89"
OTB,OB2,OB24,LINE2,2026,Q1,3,Existing Products,Other Product,CAZOSIN,1-CA046,CAZOSIN 4MG.(Blister)  1X10X10'S,934.58
OTB,OB2,OB24,LINE2,2026,Q1,3,Existing Products,Other Product,CYSTALINE,1-CY001,CYSTALINE  1x10'S,"49,552.36"
OTB,OB2,OB24,LINE2,2026,Q1,3,Existing Products,Other Product,CYSTALINE,1-CY007,Cystaline Effervescent Tablet (Strip) 1x5x4's,"4,444.86"
OTB,OB2,OB24,LINE2,2026,Q1,3,Existing Products,Other Product,DENOX,9-DE002,DENOX 1X10 ML (0.1%),"2,102.80"
OTB,OB2,OB24,LINE2,2026,Q1,3,Existing Products,Other Product,EZB-10,1-EZ001,EZB-10 1X3X10'S,"6,448.61"
OTB,OB2,OB24,LINE2,2026,Q1,3,Existing Products,Other Product,FLOXY EAR DROPS,BFS-1-FL003,FLOXY EAR DROPS(BFS) 1X5 ML,"9,018.69"
OTB,OB2,OB24,LINE2,2026,Q1,3,Existing Products,Other Product,K-ZUVA,1-KZ001,K-ZUVA 20 1X3X10'S,"6,728.97"
OTB,OB2,OB24,LINE2,2026,Q1,3,Existing Products,Other Product,K-ZUVA,1-KZ002,K-ZUVA  10 1X3X10'S,"7,850.46"
OTB,OB2,OB24,LINE2,2026,Q1,3,Existing Products,Other Product,METFOR,1-ME002,METFOR-500 1X10X10'S,"5,747.65"
OTB,OB2,OB24,LINE2,2026,Q1,3,Existing Products,Other Product,METFOR,1-ME029,METFOR-850 1X10X10'S,"1,196.26"
OTB,OB2,OB24,LINE2,2026,Q1,3,Existing Products,Other Product,MEXY SYRUP,2-ME004,MEXY SYRUP 1X60 ML (กล่องรูปเด็ก),"2,336.45"
OTB,OB2,OB24,LINE2,2026,Q1,3,Existing Products,Other Product,MILLIOPH,BFS-1-MI011,MILLIOPH EYEDROP 5 ml 1X5 ml,"6,385.04"
OTB,OB2,OB24,LINE2,2026,Q1,3,Existing Products,Other Product,MILLIOPH,BFS-1-MI012,MILLIOPH EYEDROP 10 ml 1X10 ml,"11,226.16"
OTB,OB2,OB24,LINE2,2026,Q1,3,Existing Products,Other Product,MILTEAR,BFS-1-MI005,MILTEAR 1X30X1 ML,"31,738.30"
OTB,OB2,OB24,LINE2,2026,Q1,3,Existing Products,Other Product,MILTEAR,BFS-1-MI015,MILTEAR MD 1X10 ML,"98,920.55"
OTB,OB2,OB24,LINE2,2026,Q1,3,Existing Products,Other Product,MINOZ,1-MI011,MINOZ 28 1X28'S,"5,484.11"
OTB,OB2,OB24,LINE2,2026,Q1,3,Existing Products,Other Product,MONKAST,1-MO006,MONKAST-5 1X2X14'S,"2,102.80"
OTB,OB2,OB24,LINE2,2026,Q1,3,Existing Products,Product Push,AVAFAST,1-AV001,AVAFAST-180 1X10'S,"29,196.28"
OTB,OB2,OB24,LINE2,2026,Q1,3,Existing Products,Product Push,AVAFAST,1-AV003,AVAFAST-60 1X10'S,"4,261.68"
OTB,OB2,OB24,LINE2,2026,Q1,3,Existing Products,Product Push,FINASCAR,1-FI001,FINASCAR 5 MG.(Blister Unit dose) 1X3X10S,"2,803.74"
OTB,OB2,OB24,LINE2,2026,Q1,3,Existing Products,Product Push,FINASCIA,1-FI002,FINASCIA   1X3X10S,644.86
OTB,OB2,OB24,LINE2,2026,Q1,3,Existing Products,Product Push,MAPLE FORTE,1-MA008,MAPLE FORTE 1X12X1'S(BOX),"18,254.21"
OTB,OB2,OB24,LINE2,2026,Q1,3,Existing Products,Product Push,MCXY COLD,1-MC022,MCXY-COLD  1x12x10S,"1,816.83"
OTB,OB2,OB24,LINE2,2026,Q1,3,Existing Products,Product Push,NITE CAP,3-NI002,NITE CAP 1X10X10S (BOX),"2,357.01"
OTB,OB2,OB24,LINE2,2026,Q1,3,Existing Products,Product Push,ONJEL,1-ON004,ONJEL 20 1X28'S,"28,261.68"
OTB,OB2,OB24,LINE2,2026,Q1,3,Existing Products,Product Push,SALDA  INHALE,BFS-5-SA001,SALDA  INHALE 2.5 ML 1X20X2.5 ML,"5,308.42"
OTB,OB2,OB24,LINE2,2026,Q1,3,Existing Products,Product Push,TRANCELTEAR,BFS-1-TR001,TRANCELTEAR 0.8 mL 1x30x0.8 mL,"4,626.17"
OTB,OB2,OB24,LINE2,2026,Q1,3,Existing Products,Product Push,TRANCELTEAR,BFS-1-TR002,TRANCELTEAR  0.8 mL 1 x 10 x 0.8 mL,532.72
OTB,OB2,OB24,LINE2,2026,Q1,3,New Product,New Product,MONAS,1-MO007,MONAS 1x21S,"10,151.29"
OTB,OB2,OB24,LINE2,2026,Q1,3,New Product,New Product,Ophtocin eye drop,BFS-2-OP001,Ophtocin eye drop 5 ml 1x5 mL,"3,387.84"
OTB,OB2,OB24,LINE2,2026,Q1,3,New Product,New Product,T-OPH,BFS-2-TO001,T-OPH(SOC) 5 ML    1 x 5 ML,635.51
OTB,OB2,OB24,LINE2,2026,Q1,3,New Product,New Product,ZEROTAN,1-ZE001,ZEROTAN 1X2S,"1,906.55"
OTB,OB2,OB24,LINE2,2026,Q2,4,Existing Products,Other Product,FLOXY EAR DROPS,BFS-1-FL003,FLOXY EAR DROPS(BFS) 1X5 ML,"3,504.67"
OTB,OB2,OB24,LINE2,2026,Q2,4,Existing Products,Other Product,METFOR,1-ME002,METFOR-500 1X10X10'S,"1,635.51"
OTB,OB2,OB24,LINE2,2026,Q2,4,Existing Products,Other Product,MILLIOPH,BFS-1-MI011,MILLIOPH EYEDROP 5 ml 1X5 ml,"6,168.22"
OTB,OB2,OB24,LINE2,2026,Q2,4,Existing Products,Other Product,MILLIOPH,BFS-1-MI012,MILLIOPH EYEDROP 10 ml 1X10 ml,"1,955.14"
OTB,OB2,OB24,LINE2,2026,Q2,4,Existing Products,Other Product,MILTEAR,BFS-1-MI005,MILTEAR 1X30X1 ML,"17,383.16"
OTB,OB2,OB24,LINE2,2026,Q2,4,Existing Products,Other Product,MILTEAR,BFS-1-MI015,MILTEAR MD 1X10 ML,"23,130.86"
OTB,OB2,OB24,LINE2,2026,Q2,4,Existing Products,Other Product,MINOZ,1-MI011,MINOZ 28 1X28'S,"2,691.59"
OTB,OB2,OB24,LINE2,2026,Q2,4,Existing Products,Product Push,MAPLE FORTE,1-MA008,MAPLE FORTE 1X12X1'S(BOX),"25,426.16"
OTB,OB2,OB24,LINE2,2026,Q2,4,Existing Products,Product Push,MCXY COLD,1-MC022,MCXY-COLD  1x12x10S,"100,934.58"
OTB,OB2,OB24,LINE2,2026,Q2,4,Existing Products,Product Push,ONJEL,1-ON004,ONJEL 20 1X28'S,"3,622.43"
OTB,OB2,OB24,LINE2,2026,Q2,4,Existing Products,Product Push,TRANCELTEAR,BFS-1-TR001,TRANCELTEAR 0.8 mL 1x30x0.8 mL,"13,878.50"
OTB,OB2,OB25,LINE2,2026,Q1,1,Existing Products,Other Product,CAZOSIN,1-CA045,CAZOSIN 2 mg.(Blister) 1X10X10'S,"1,682.24"
OTB,OB2,OB25,LINE2,2026,Q1,1,Existing Products,Other Product,CYSTALINE,1-CY001,CYSTALINE  1x10'S,"3,177.57"
OTB,OB2,OB25,LINE2,2026,Q1,1,Existing Products,Other Product,DENOX,9-DE001,DENOX 1X10 ML (0.05%),"1,214.95"
OTB,OB2,OB25,LINE2,2026,Q1,1,Existing Products,Other Product,EZB-10,1-EZ001,EZB-10 1X3X10'S,"11,327.10"
OTB,OB2,OB25,LINE2,2026,Q1,1,Existing Products,Other Product,FLOXY EAR DROPS,BFS-1-FL003,FLOXY EAR DROPS(BFS) 1X5 ML,"4,242.99"
OTB,OB2,OB25,LINE2,2026,Q1,1,Existing Products,Other Product,METFOR,1-ME002,METFOR-500 1X10X10'S,"4,906.53"
OTB,OB2,OB25,LINE2,2026,Q1,1,Existing Products,Other Product,METFOR,1-ME029,METFOR-850 1X10X10'S,747.66
OTB,OB2,OB25,LINE2,2026,Q1,1,Existing Products,Other Product,MILLIOPH,BFS-1-MI012,MILLIOPH EYEDROP 10 ml 1X10 ml,"4,037.37"
OTB,OB2,OB25,LINE2,2026,Q1,1,Existing Products,Other Product,MILTEAR,BFS-1-MI015,MILTEAR MD 1X10 ML,"17,448.61"
OTB,OB2,OB25,LINE2,2026,Q1,1,Existing Products,Other Product,MINOZ,1-MI011,MINOZ 28 1X28'S,"5,383.18"
OTB,OB2,OB25,LINE2,2026,Q1,1,Existing Products,Other Product,MONET,1-MO004,MONET 1X10X10'S,"11,214.95"
OTB,OB2,OB25,LINE2,2026,Q1,1,Existing Products,Other Product,NEUMANTINE/MEMO,1-NE013,Neumantine  1x2x14's  (Box),"9,345.79"
OTB,OB2,OB25,LINE2,2026,Q1,1,Existing Products,Product Push,AVAFAST,1-AV001,AVAFAST-180 1X10'S,"15,710.28"
OTB,OB2,OB25,LINE2,2026,Q1,1,Existing Products,Product Push,AVAFAST,1-AV003,AVAFAST-60 1X10'S,"35,794.39"
OTB,OB2,OB25,LINE2,2026,Q1,1,Existing Products,Product Push,MAPLE FORTE,1-MA008,MAPLE FORTE 1X12X1'S(BOX),"9,241.12"
OTB,OB2,OB25,LINE2,2026,Q1,1,Existing Products,Product Push,MCXY COLD,1-MC022,MCXY-COLD  1x12x10S,"2,018.69"
OTB,OB2,OB25,LINE2,2026,Q1,1,Existing Products,Product Push,NITE CAP,3-NI002,NITE CAP 1X10X10S (BOX),"4,672.90"
OTB,OB2,OB25,LINE2,2026,Q1,1,Existing Products,Product Push,ONJEL,1-ON004,ONJEL 20 1X28'S,"5,383.18"
OTB,OB2,OB25,LINE2,2026,Q1,1,Existing Products,Product Push,SALDA  INHALE,BFS-5-SA001,SALDA  INHALE 2.5 ML 1X20X2.5 ML,"19,439.25"
OTB,OB2,OB25,LINE2,2026,Q1,1,New Product,New Product,T-OPH,BFS-2-TO001,T-OPH(SOC) 5 ML    1 x 5 ML,635.51
OTB,OB2,OB25,LINE2,2026,Q1,2,Existing Products,I-HERB,GIFT SET I-HERB TOP 3,8-IH001,GIFT SET I-HERB TOP 3 (OTC),929.91
OTB,OB2,OB25,LINE2,2026,Q1,2,Existing Products,Other Product,CAZOSIN,1-CA045,CAZOSIN 2 mg.(Blister) 1X10X10'S,"2,400.00"
OTB,OB2,OB25,LINE2,2026,Q1,2,Existing Products,Other Product,CAZOSIN,1-CA046,CAZOSIN 4MG.(Blister)  1X10X10'S,"1,682.25"
OTB,OB2,OB25,LINE2,2026,Q1,2,Existing Products,Other Product,CYSTALINE,1-CY001,CYSTALINE  1x10'S,"15,887.88"
OTB,OB2,OB25,LINE2,2026,Q1,2,Existing Products,Other Product,CYSTALINE,1-CY007,Cystaline Effervescent Tablet (Strip) 1x5x4's,"1,635.51"
OTB,OB2,OB25,LINE2,2026,Q1,2,Existing Products,Other Product,DENOX,9-DE001,DENOX 1X10 ML (0.05%),585.75
OTB,OB2,OB25,LINE2,2026,Q1,2,Existing Products,Other Product,DENOX,9-DE002,DENOX 1X10 ML (0.1%),"4,080.48"
OTB,OB2,OB25,LINE2,2026,Q1,2,Existing Products,Other Product,EZB-10,1-EZ001,EZB-10 1X3X10'S,"1,121.49"
OTB,OB2,OB25,LINE2,2026,Q1,2,Existing Products,Other Product,FLOXY EAR DROPS,BFS-1-FL003,FLOXY EAR DROPS(BFS) 1X5 ML,"7,009.34"
OTB,OB2,OB25,LINE2,2026,Q1,2,Existing Products,Other Product,K-ZUVA,1-KZ001,K-ZUVA 20 1X3X10'S,560.75
OTB,OB2,OB25,LINE2,2026,Q1,2,Existing Products,Other Product,K-ZUVA,1-KZ002,K-ZUVA  10 1X3X10'S,308.41
OTB,OB2,OB25,LINE2,2026,Q1,2,Existing Products,Other Product,METFOR,1-ME002,METFOR-500 1X10X10'S,"1,635.51"
OTB,OB2,OB25,LINE2,2026,Q1,2,Existing Products,Other Product,MEXY SYRUP,2-ME004,MEXY SYRUP 1X60 ML (กล่องรูปเด็ก),"1,207.48"
OTB,OB2,OB25,LINE2,2026,Q1,2,Existing Products,Other Product,MILLIOPH,BFS-1-MI011,MILLIOPH EYEDROP 5 ml 1X5 ml,"1,364.49"
OTB,OB2,OB25,LINE2,2026,Q1,2,Existing Products,Other Product,MILLIOPH,BFS-1-MI012,MILLIOPH EYEDROP 10 ml 1X10 ml,"4,996.26"
OTB,OB2,OB25,LINE2,2026,Q1,2,Existing Products,Other Product,MILTEAR,BFS-1-MI005,MILTEAR 1X30X1 ML,"21,756.99"
OTB,OB2,OB25,LINE2,2026,Q1,2,Existing Products,Other Product,MILTEAR,BFS-1-MI015,MILTEAR MD 1X10 ML,"31,181.49"
OTB,OB2,OB25,LINE2,2026,Q1,2,Existing Products,Other Product,MINOZ,1-MI011,MINOZ 28 1X28'S,930.84
OTB,OB2,OB25,LINE2,2026,Q1,2,Existing Products,Other Product,MONET,1-MO004,MONET 1X10X10'S,"5,607.48"
OTB,OB2,OB25,LINE2,2026,Q1,2,Existing Products,Other Product,MONKAST,1-MO005,MONKAST-10 1X2X14'S,"4,672.90"
OTB,OB2,OB25,LINE2,2026,Q1,2,Existing Products,Other Product,MONKAST,1-MO006,MONKAST-5 1X2X14'S,"1,401.87"
OTB,OB2,OB25,LINE2,2026,Q1,2,Existing Products,Product Push,AVAFAST,1-AV001,AVAFAST-180 1X10'S,"55,373.85"
OTB,OB2,OB25,LINE2,2026,Q1,2,Existing Products,Product Push,AVAFAST,1-AV003,AVAFAST-60 1X10'S,"85,588.78"
OTB,OB2,OB25,LINE2,2026,Q1,2,Existing Products,Product Push,FINASCAR,1-FI001,FINASCAR 5 MG.(Blister Unit dose) 1X3X10S,560.75
OTB,OB2,OB25,LINE2,2026,Q1,2,Existing Products,Product Push,FINASCIA,1-FI002,FINASCIA   1X3X10S,"1,308.41"
OTB,OB2,OB25,LINE2,2026,Q1,2,Existing Products,Product Push,MAPLE FORTE,1-MA008,MAPLE FORTE 1X12X1'S(BOX),"5,730.84"
OTB,OB2,OB25,LINE2,2026,Q1,2,Existing Products,Product Push,MCXY COLD,1-MC022,MCXY-COLD  1x12x10S,"1,211.21"
OTB,OB2,OB25,LINE2,2026,Q1,2,Existing Products,Product Push,NITE CAP,3-NI002,NITE CAP 1X10X10S (BOX),879.44
OTB,OB2,OB25,LINE2,2026,Q1,2,Existing Products,Product Push,ONJEL,1-ON004,ONJEL 20 1X28'S,"13,457.95"
OTB,OB2,OB25,LINE2,2026,Q1,2,Existing Products,Product Push,SALDA  INHALE,BFS-5-SA001,SALDA  INHALE 2.5 ML 1X20X2.5 ML,"49,271.03"
OTB,OB2,OB25,LINE2,2026,Q1,2,Existing Products,Product Push,TRANCELTEAR,BFS-1-TR002,TRANCELTEAR  0.8 mL 1 x 10 x 0.8 mL,188.02
OTB,OB2,OB25,LINE2,2026,Q1,2,New Product,New Product,DROGESTON,1-DR001,DROGESTON 1x1x10s,"1,121.50"
OTB,OB2,OB25,LINE2,2026,Q1,2,New Product,New Product,MONAS,1-MO007,MONAS 1x21S,"5,593.47"
OTB,OB2,OB25,LINE2,2026,Q1,2,New Product,New Product,Ophtocin eye drop,BFS-2-OP001,Ophtocin eye drop 5 ml 1x5 mL,"4,663.55"
OTB,OB2,OB25,LINE2,2026,Q1,2,New Product,New Product,T-OPH,BFS-2-TO001,T-OPH(SOC) 5 ML    1 x 5 ML,"1,621.49"
OTB,OB2,OB25,LINE2,2026,Q1,2,New Product,New Product,ZEROTAN,1-ZE001,ZEROTAN 1X2S,560.75
OTB,OB2,OB25,LINE2,2026,Q1,2,New Product,New Product,ZOMOXIN EYE DROPS,BFS-1-ZO001,ZOMOXIN EYE DROPS 1X5 ML,"9,018.70"
OTB,OB2,OB25,LINE2,2026,Q1,3,Existing Products,I-HERB,GIFT SET I-HERB TOP 3,8-IH001,GIFT SET I-HERB TOP 3 (OTC),743.93
OTB,OB2,OB25,LINE2,2026,Q1,3,Existing Products,Other Product,CYSTALINE,1-CY001,CYSTALINE  1x10'S,"44,097.21"
OTB,OB2,OB25,LINE2,2026,Q1,3,Existing Products,Other Product,CYSTALINE,1-CY007,Cystaline Effervescent Tablet (Strip) 1x5x4's,878.27
OTB,OB2,OB25,LINE2,2026,Q1,3,Existing Products,Other Product,DENOX,9-DE001,DENOX 1X10 ML (0.05%),"1,388.48"
OTB,OB2,OB25,LINE2,2026,Q1,3,Existing Products,Other Product,DENOX,9-DE002,DENOX 1X10 ML (0.1%),"1,530.05"
OTB,OB2,OB25,LINE2,2026,Q1,3,Existing Products,Other Product,EZB-10,1-EZ001,EZB-10 1X3X10'S,"11,327.10"
OTB,OB2,OB25,LINE2,2026,Q1,3,Existing Products,Other Product,FLOXY EAR DROPS,BFS-1-FL003,FLOXY EAR DROPS(BFS) 1X5 ML,"5,934.58"
OTB,OB2,OB25,LINE2,2026,Q1,3,Existing Products,Other Product,K-ZUVA,1-KZ002,K-ZUVA  10 1X3X10'S,"1,233.64"
OTB,OB2,OB25,LINE2,2026,Q1,3,Existing Products,Other Product,METFOR,1-ME002,METFOR-500 1X10X10'S,"4,990.65"
OTB,OB2,OB25,LINE2,2026,Q1,3,Existing Products,Other Product,METFOR,1-ME029,METFOR-850 1X10X10'S,"2,242.99"
OTB,OB2,OB25,LINE2,2026,Q1,3,Existing Products,Other Product,MEXY SYRUP,2-ME004,MEXY SYRUP 1X60 ML (กล่องรูปเด็ก),112.15
OTB,OB2,OB25,LINE2,2026,Q1,3,Existing Products,Other Product,MILLIOPH,BFS-1-MI011,MILLIOPH EYEDROP 5 ml 1X5 ml,"4,687.85"
OTB,OB2,OB25,LINE2,2026,Q1,3,Existing Products,Other Product,MILLIOPH,BFS-1-MI012,MILLIOPH EYEDROP 10 ml 1X10 ml,"6,627.10"
OTB,OB2,OB25,LINE2,2026,Q1,3,Existing Products,Other Product,MILTEAR,BFS-1-MI005,MILTEAR 1X30X1 ML,"4,523.35"
OTB,OB2,OB25,LINE2,2026,Q1,3,Existing Products,Other Product,MILTEAR,BFS-1-MI015,MILTEAR MD 1X10 ML,"22,626.17"
OTB,OB2,OB25,LINE2,2026,Q1,3,Existing Products,Other Product,MILTEAR,BFS-1-MI016,MILTEAR  1X10X1 ML,314.02
OTB,OB2,OB25,LINE2,2026,Q1,3,Existing Products,Other Product,MINOZ,1-MI011,MINOZ 28 1X28'S,"13,865.43"
OTB,OB2,OB25,LINE2,2026,Q1,3,Existing Products,Other Product,MONKAST,1-MO005,MONKAST-10 1X2X14'S,"2,532.71"
OTB,OB2,OB25,LINE2,2026,Q1,3,Existing Products,Other Product,MONKAST,1-MO006,MONKAST-5 1X2X14'S,121.5
OTB,OB2,OB25,LINE2,2026,Q1,3,Existing Products,Other Product,NEUMANTINE/MEMO,1-NE013,Neumantine  1x2x14's  (Box),"4,672.90"
OTB,OB2,OB25,LINE2,2026,Q1,3,Existing Products,Product Push,AVAFAST,1-AV001,AVAFAST-180 1X10'S,"49,037.39"
OTB,OB2,OB25,LINE2,2026,Q1,3,Existing Products,Product Push,AVAFAST,1-AV003,AVAFAST-60 1X10'S,"76,000.00"
OTB,OB2,OB25,LINE2,2026,Q1,3,Existing Products,Product Push,FINASCIA,1-FI002,FINASCIA   1X3X10S,"1,738.32"
OTB,OB2,OB25,LINE2,2026,Q1,3,Existing Products,Product Push,MAPLE FORTE,1-MA008,MAPLE FORTE 1X12X1'S(BOX),"21,074.78"
OTB,OB2,OB25,LINE2,2026,Q1,3,Existing Products,Product Push,NITE CAP,3-NI002,NITE CAP 1X10X10S (BOX),883.18
OTB,OB2,OB25,LINE2,2026,Q1,3,Existing Products,Product Push,ONJEL,1-ON004,ONJEL 20 1X28'S,"11,140.19"
OTB,OB2,OB25,LINE2,2026,Q1,3,Existing Products,Product Push,SALDA  INHALE,BFS-5-SA001,SALDA  INHALE 2.5 ML 1X20X2.5 ML,"2,429.91"
OTB,OB2,OB25,LINE2,2026,Q1,3,Existing Products,Product Push,TRANCELTEAR,BFS-1-TR001,TRANCELTEAR 0.8 mL 1x30x0.8 mL,"27,120.80"
OTB,OB2,OB25,LINE2,2026,Q1,3,Existing Products,Product Push,TRANCELTEAR,BFS-1-TR002,TRANCELTEAR  0.8 mL 1 x 10 x 0.8 mL,"3,399.97"
OTB,OB2,OB25,LINE2,2026,Q1,3,New Product,New Product,MONAS,1-MO007,MONAS 1x21S,"26,335.52"
OTB,OB2,OB25,LINE2,2026,Q1,3,New Product,New Product,Ophtocin eye drop,BFS-2-OP001,Ophtocin eye drop 5 ml 1x5 mL,"2,294.40"
OTB,OB2,OB25,LINE2,2026,Q1,3,New Product,New Product,T-OPH,BFS-2-TO001,T-OPH(SOC) 5 ML    1 x 5 ML,775.7
OTB,OB2,OB25,LINE2,2026,Q1,3,New Product,New Product,ZEROTAN,1-ZE001,ZEROTAN 1X2S,"6,392.54"
OTB,OB2,OB25,LINE2,2026,Q1,3,New Product,New Product,ZOMOXIN EYE DROPS,BFS-1-ZO001,ZOMOXIN EYE DROPS 1X5 ML,364.49
OTB,OB2,OB25,LINE2,2026,Q2,4,Existing Products,Other Product,CAZOSIN,1-CA045,CAZOSIN 2 mg.(Blister) 1X10X10'S,"1,682.24"
OTB,OB2,OB25,LINE2,2026,Q2,4,Existing Products,Other Product,CYSTALINE,1-CY001,CYSTALINE  1x10'S,"4,766.36"
OTB,OB2,OB25,LINE2,2026,Q2,4,Existing Products,Other Product,EZB-10,1-EZ001,EZB-10 1X3X10'S,"8,523.36"
OTB,OB2,OB25,LINE2,2026,Q2,4,Existing Products,Other Product,FLOXY EAR DROPS,BFS-1-FL003,FLOXY EAR DROPS(BFS) 1X5 ML,"1,869.16"
OTB,OB2,OB25,LINE2,2026,Q2,4,Existing Products,Other Product,METFOR,1-ME002,METFOR-500 1X10X10'S,210.28
OTB,OB2,OB25,LINE2,2026,Q2,4,Existing Products,Other Product,METFOR,1-ME029,METFOR-850 1X10X10'S,224.3
OTB,OB2,OB25,LINE2,2026,Q2,4,Existing Products,Other Product,MILTEAR,BFS-1-MI005,MILTEAR 1X30X1 ML,"7,850.47"
OTB,OB2,OB25,LINE2,2026,Q2,4,Existing Products,Other Product,MILTEAR,BFS-1-MI015,MILTEAR MD 1X10 ML,841.12
OTB,OB2,OB25,LINE2,2026,Q2,4,Existing Products,Product Push,TRANCELTEAR,BFS-1-TR001,TRANCELTEAR 0.8 mL 1x30x0.8 mL,"2,313.08"
OTB,OB2,OB25,LINE2,2026,Q2,4,New Product,New Product,Ophtocin eye drop,BFS-2-OP001,Ophtocin eye drop 5 ml 1x5 mL,"1,121.50"
OTB,OB2,OB25,LINE2,2026,Q2,4,New Product,New Product,T-OPH,BFS-2-TO001,T-OPH(SOC) 5 ML    1 x 5 ML,"2,160.74"
OTB,OB2,OB26,LINE2,2026,Q1,1,Existing Products,Other Product,CAZOSIN,1-CA045,CAZOSIN 2 mg.(Blister) 1X10X10'S,"1,437.38"
OTB,OB2,OB26,LINE2,2026,Q1,1,Existing Products,Other Product,CYSTALINE,1-CY001,CYSTALINE  1x10'S,"7,572.44"
OTB,OB2,OB26,LINE2,2026,Q1,1,Existing Products,Other Product,CYSTALINE,1-CY007,Cystaline Effervescent Tablet (Strip) 1x5x4's,194.77
OTB,OB2,OB26,LINE2,2026,Q1,1,Existing Products,Other Product,DENOX,9-DE002,DENOX 1X10 ML (0.1%),"2,102.80"
OTB,OB2,OB26,LINE2,2026,Q1,1,Existing Products,Other Product,EZB-10,1-EZ001,EZB-10 1X3X10'S,"9,330.84"
OTB,OB2,OB26,LINE2,2026,Q1,1,Existing Products,Other Product,FLOXY EAR DROPS,BFS-1-FL003,FLOXY EAR DROPS(BFS) 1X5 ML,"8,074.76"
OTB,OB2,OB26,LINE2,2026,Q1,1,Existing Products,Other Product,K-ZUVA,1-KZ001,K-ZUVA 20 1X3X10'S,"1,682.24"
OTB,OB2,OB26,LINE2,2026,Q1,1,Existing Products,Other Product,METFOR,1-ME002,METFOR-500 1X10X10'S,"5,957.94"
OTB,OB2,OB26,LINE2,2026,Q1,1,Existing Products,Other Product,MILLIOPH,BFS-1-MI011,MILLIOPH EYEDROP 5 ml 1X5 ml,246.73
OTB,OB2,OB26,LINE2,2026,Q1,1,Existing Products,Other Product,MILLIOPH,BFS-1-MI012,MILLIOPH EYEDROP 10 ml 1X10 ml,"7,121.49"
OTB,OB2,OB26,LINE2,2026,Q1,1,Existing Products,Other Product,MILTEAR,BFS-1-MI005,MILTEAR 1X30X1 ML,"5,355.13"
OTB,OB2,OB26,LINE2,2026,Q1,1,Existing Products,Other Product,MILTEAR,BFS-1-MI015,MILTEAR MD 1X10 ML,"68,930.27"
OTB,OB2,OB26,LINE2,2026,Q1,1,Existing Products,Product Push,MAPLE FORTE,1-MA008,MAPLE FORTE 1X12X1'S(BOX),"122,955.15"
OTB,OB2,OB26,LINE2,2026,Q1,1,Existing Products,Product Push,MCXY COLD,1-MC022,MCXY-COLD  1x12x10S,700.93
OTB,OB2,OB26,LINE2,2026,Q1,1,Existing Products,Product Push,ONJEL,1-ON004,ONJEL 20 1X28'S,"26,792.52"
OTB,OB2,OB26,LINE2,2026,Q1,1,Existing Products,Product Push,SALDA  INHALE,BFS-5-SA001,SALDA  INHALE 2.5 ML 1X20X2.5 ML,"17,009.35"
OTB,OB2,OB26,LINE2,2026,Q1,1,Existing Products,Product Push,TRANCELTEAR,BFS-1-TR001,TRANCELTEAR 0.8 mL 1x30x0.8 mL,"1,121.50"
OTB,OB2,OB26,LINE2,2026,Q1,1,Existing Products,Product Push,TRANCELTEAR,BFS-1-TR002,TRANCELTEAR  0.8 mL 1 x 10 x 0.8 mL,381.31
OTB,OB2,OB26,LINE2,2026,Q1,1,New Product,New Product,ZEROTAN,1-ZE001,ZEROTAN 1X2S,"2,242.99"
OTB,OB2,OB26,LINE2,2026,Q1,2,Existing Products,Other Product,CAZOSIN,1-CA046,CAZOSIN 4MG.(Blister)  1X10X10'S,"5,233.64"
OTB,OB2,OB26,LINE2,2026,Q1,2,Existing Products,Other Product,CYSTALINE,1-CY001,CYSTALINE  1x10'S,"14,299.08"
OTB,OB2,OB26,LINE2,2026,Q1,2,Existing Products,Other Product,CYSTALINE,1-CY007,Cystaline Effervescent Tablet (Strip) 1x5x4's,"9,345.80"
OTB,OB2,OB26,LINE2,2026,Q1,2,Existing Products,Other Product,DENOX,9-DE001,DENOX 1X10 ML (0.05%),841.12
OTB,OB2,OB26,LINE2,2026,Q1,2,Existing Products,Other Product,DENOX,9-DE002,DENOX 1X10 ML (0.1%),"1,191.59"
OTB,OB2,OB26,LINE2,2026,Q1,2,Existing Products,Other Product,EZB-10,1-EZ001,EZB-10 1X3X10'S,"31,177.56"
OTB,OB2,OB26,LINE2,2026,Q1,2,Existing Products,Other Product,FLOXY EAR DROPS,BFS-1-FL003,FLOXY EAR DROPS(BFS) 1X5 ML,"12,149.53"
OTB,OB2,OB26,LINE2,2026,Q1,2,Existing Products,Other Product,K-ZUVA,1-KZ001,K-ZUVA 20 1X3X10'S,"-1,682.24"
OTB,OB2,OB26,LINE2,2026,Q1,2,Existing Products,Other Product,METFOR,1-ME002,METFOR-500 1X10X10'S,"3,271.03"
OTB,OB2,OB26,LINE2,2026,Q1,2,Existing Products,Other Product,METFOR,1-ME029,METFOR-850 1X10X10'S,"1,495.33"
OTB,OB2,OB26,LINE2,2026,Q1,2,Existing Products,Other Product,MEXY SYRUP,2-ME004,MEXY SYRUP 1X60 ML (กล่องรูปเด็ก),134.58
OTB,OB2,OB26,LINE2,2026,Q1,2,Existing Products,Other Product,MILLIOPH,BFS-1-MI011,MILLIOPH EYEDROP 5 ml 1X5 ml,242.99
OTB,OB2,OB26,LINE2,2026,Q1,2,Existing Products,Other Product,MILLIOPH,BFS-1-MI012,MILLIOPH EYEDROP 10 ml 1X10 ml,"1,955.14"
OTB,OB2,OB26,LINE2,2026,Q1,2,Existing Products,Other Product,MILTEAR,BFS-1-MI005,MILTEAR 1X30X1 ML,"7,514.01"
OTB,OB2,OB26,LINE2,2026,Q1,2,Existing Products,Other Product,MILTEAR,BFS-1-MI015,MILTEAR MD 1X10 ML,"21,448.60"
OTB,OB2,OB26,LINE2,2026,Q1,2,Existing Products,Other Product,MINOZ,1-MI011,MINOZ 28 1X28'S,"60,314.02"
OTB,OB2,OB26,LINE2,2026,Q1,2,Existing Products,Other Product,NEUMANTINE/MEMO,1-NE013,Neumantine  1x2x14's  (Box),"4,672.90"
OTB,OB2,OB26,LINE2,2026,Q1,2,Existing Products,Product Push,AVAFAST,1-AV001,AVAFAST-180 1X10'S,"32,850.48"
OTB,OB2,OB26,LINE2,2026,Q1,2,Existing Products,Product Push,AVAFAST,1-AV003,AVAFAST-60 1X10'S,"7,686.90"
OTB,OB2,OB26,LINE2,2026,Q1,2,Existing Products,Product Push,MAPLE FORTE,1-MA008,MAPLE FORTE 1X12X1'S(BOX),"115,106.54"
OTB,OB2,OB26,LINE2,2026,Q1,2,Existing Products,Product Push,MCXY COLD,1-MC022,MCXY-COLD  1x12x10S,"1,242.99"
OTB,OB2,OB26,LINE2,2026,Q1,2,Existing Products,Product Push,NITE CAP,3-NI001,NITE CAP 1X3X10'S(BOX),-294.39
OTB,OB2,OB26,LINE2,2026,Q1,2,Existing Products,Product Push,NITE CAP,3-NI002,NITE CAP 1X10X10S (BOX),590.65
OTB,OB2,OB26,LINE2,2026,Q1,2,Existing Products,Product Push,ONJEL,1-ON004,ONJEL 20 1X28'S,"86,422.40"
OTB,OB2,OB26,LINE2,2026,Q1,2,Existing Products,Product Push,SALDA  INHALE,BFS-5-SA001,SALDA  INHALE 2.5 ML 1X20X2.5 ML,"21,869.16"
OTB,OB2,OB26,LINE2,2026,Q1,2,Existing Products,Product Push,TRANCELTEAR,BFS-1-TR001,TRANCELTEAR 0.8 mL 1x30x0.8 mL,"15,877.58"
OTB,OB2,OB26,LINE2,2026,Q1,2,New Product,New Product,Ophtocin eye drop,BFS-2-OP001,Ophtocin eye drop 5 ml 1x5 mL,"1,495.33"
OTB,OB2,OB26,LINE2,2026,Q1,2,New Product,New Product,T-OPH,BFS-2-TO001,T-OPH(SOC) 5 ML    1 x 5 ML,635.51
OTB,OB2,OB26,LINE2,2026,Q1,2,New Product,New Product,ZEROTAN,1-ZE001,ZEROTAN 1X2S,"3,364.49"
OTB,OB2,OB26,LINE2,2026,Q1,3,Existing Products,I-HERB,GIFT SET I-HERB TOP 3,8-IH001,GIFT SET I-HERB TOP 3 (OTC),"1,859.81"
OTB,OB2,OB26,LINE2,2026,Q1,3,Existing Products,Other Product,CAZOSIN,1-CA045,CAZOSIN 2 mg.(Blister) 1X10X10'S,"3,962.61"
OTB,OB2,OB26,LINE2,2026,Q1,3,Existing Products,Other Product,CLEO,1-CL001,CLEO  1X50X28'S (BOX),448.6
OTB,OB2,OB26,LINE2,2026,Q1,3,Existing Products,Other Product,CYSTALINE,1-CY001,CYSTALINE  1x10'S,"54,677.59"
OTB,OB2,OB26,LINE2,2026,Q1,3,Existing Products,Other Product,CYSTALINE,1-CY007,Cystaline Effervescent Tablet (Strip) 1x5x4's,"-3,939.26"
OTB,OB2,OB26,LINE2,2026,Q1,3,Existing Products,Other Product,DENOX,9-DE001,DENOX 1X10 ML (0.05%),"3,247.67"
OTB,OB2,OB26,LINE2,2026,Q1,3,Existing Products,Other Product,DENOX,9-DE002,DENOX 1X10 ML (0.1%),"5,303.73"
OTB,OB2,OB26,LINE2,2026,Q1,3,Existing Products,Other Product,EZB-10,1-EZ001,EZB-10 1X3X10'S,"11,887.85"
OTB,OB2,OB26,LINE2,2026,Q1,3,Existing Products,Other Product,FLOXY EAR DROPS,BFS-1-FL003,FLOXY EAR DROPS(BFS) 1X5 ML,"4,813.08"
OTB,OB2,OB26,LINE2,2026,Q1,3,Existing Products,Other Product,K-ZUVA,1-KZ002,K-ZUVA  10 1X3X10'S,"4,850.46"
OTB,OB2,OB26,LINE2,2026,Q1,3,Existing Products,Other Product,METFOR,1-ME002,METFOR-500 1X10X10'S,"3,859.81"
OTB,OB2,OB26,LINE2,2026,Q1,3,Existing Products,Other Product,METFOR,1-ME029,METFOR-850 1X10X10'S,149.53
OTB,OB2,OB26,LINE2,2026,Q1,3,Existing Products,Other Product,MEXY SYRUP,2-ME004,MEXY SYRUP 1X60 ML (กล่องรูปเด็ก),"2,471.03"
OTB,OB2,OB26,LINE2,2026,Q1,3,Existing Products,Other Product,MILLIOPH,BFS-1-MI011,MILLIOPH EYEDROP 5 ml 1X5 ml,979.44
OTB,OB2,OB26,LINE2,2026,Q1,3,Existing Products,Other Product,MILLIOPH,BFS-1-MI012,MILLIOPH EYEDROP 10 ml 1X10 ml,"7,457.94"
OTB,OB2,OB26,LINE2,2026,Q1,3,Existing Products,Other Product,MILTEAR,BFS-1-MI005,MILTEAR 1X30X1 ML,"5,757.01"
OTB,OB2,OB26,LINE2,2026,Q1,3,Existing Products,Other Product,MILTEAR,BFS-1-MI015,MILTEAR MD 1X10 ML,"97,762.93"
OTB,OB2,OB26,LINE2,2026,Q1,3,Existing Products,Other Product,MINOZ,1-MI011,MINOZ 28 1X28'S,"15,644.86"
OTB,OB2,OB26,LINE2,2026,Q1,3,Existing Products,Other Product,MONKAST,1-MO005,MONKAST-10 1X2X14'S,"2,532.70"
OTB,OB2,OB26,LINE2,2026,Q1,3,Existing Products,Other Product,MONKAST,1-MO006,MONKAST-5 1X2X14'S,"1,065.42"
OTB,OB2,OB26,LINE2,2026,Q1,3,Existing Products,Product Push,AVAFAST,1-AV001,AVAFAST-180 1X10'S,"20,864.50"
OTB,OB2,OB26,LINE2,2026,Q1,3,Existing Products,Product Push,AVAFAST,1-AV003,AVAFAST-60 1X10'S,"21,046.72"
OTB,OB2,OB26,LINE2,2026,Q1,3,Existing Products,Product Push,FINASCAR,1-FI001,FINASCAR 5 MG.(Blister Unit dose) 1X3X10S,"1,401.87"
OTB,OB2,OB26,LINE2,2026,Q1,3,Existing Products,Product Push,FINASCIA,1-FI002,FINASCIA   1X3X10S,"1,308.41"
OTB,OB2,OB26,LINE2,2026,Q1,3,Existing Products,Product Push,MAPLE FORTE,1-MA008,MAPLE FORTE 1X12X1'S(BOX),"257,781.33"
OTB,OB2,OB26,LINE2,2026,Q1,3,Existing Products,Product Push,MCXY COLD,1-MC022,MCXY-COLD  1x12x10S,"1,041.12"
OTB,OB2,OB26,LINE2,2026,Q1,3,Existing Products,Product Push,NITE CAP,3-NI002,NITE CAP 1X10X10S (BOX),880.38
OTB,OB2,OB26,LINE2,2026,Q1,3,Existing Products,Product Push,ONJEL,1-ON004,ONJEL 20 1X28'S,"50,986.93"
OTB,OB2,OB26,LINE2,2026,Q1,3,Existing Products,Product Push,SALDA  INHALE,BFS-5-SA001,SALDA  INHALE 2.5 ML 1X20X2.5 ML,"12,554.53"
OTB,OB2,OB26,LINE2,2026,Q1,3,Existing Products,Product Push,TRANCELTEAR,BFS-1-TR001,TRANCELTEAR 0.8 mL 1x30x0.8 mL,"8,676.85"
OTB,OB2,OB26,LINE2,2026,Q1,3,Existing Products,Product Push,TRANCELTEAR,BFS-1-TR002,TRANCELTEAR  0.8 mL 1 x 10 x 0.8 mL,"1,556.36"
OTB,OB2,OB26,LINE2,2026,Q1,3,New Product,New Product,MONAS,1-MO007,MONAS 1x21S,"7,903.75"
OTB,OB2,OB26,LINE2,2026,Q1,3,New Product,New Product,Ophtocin eye drop,BFS-2-OP001,Ophtocin eye drop 5 ml 1x5 mL,"6,887.83"
OTB,OB2,OB26,LINE2,2026,Q1,3,New Product,New Product,T-OPH,BFS-2-TO001,T-OPH(SOC) 5 ML    1 x 5 ML,"1,271.02"
OTB,OB2,OB26,LINE2,2026,Q1,3,New Product,New Product,ZEROTAN,1-ZE001,ZEROTAN 1X2S,"11,214.97"
OTB,OB2,OB26,LINE2,2026,Q1,3,New Product,New Product,ZOMOXIN EYE DROPS,BFS-1-ZO001,ZOMOXIN EYE DROPS 1X5 ML,"6,261.67"
OTB,OB2,OB26,LINE2,2026,Q2,4,Existing Products,Other Product,CYSTALINE,1-CY001,CYSTALINE  1x10'S,"6,733.50"
OTB,OB2,OB26,LINE2,2026,Q2,4,Existing Products,Other Product,EZB-10,1-EZ001,EZB-10 1X3X10'S,"2,523.37"
OTB,OB2,OB26,LINE2,2026,Q2,4,Existing Products,Other Product,FLOXY EAR DROPS,BFS-1-FL003,FLOXY EAR DROPS(BFS) 1X5 ML,"-1,927.57"
OTB,OB2,OB26,LINE2,2026,Q2,4,Existing Products,Other Product,K-ZUVA,1-KZ002,K-ZUVA  10 1X3X10'S,925.23
OTB,OB2,OB26,LINE2,2026,Q2,4,Existing Products,Other Product,MCXY PARA,1-MC023,MCXY PARA (Blister)1X10X10S สีน้ำเงิน,"3,261.10"
OTB,OB2,OB26,LINE2,2026,Q2,4,Existing Products,Other Product,METFOR,1-ME002,METFOR-500 1X10X10'S,"4,906.54"
OTB,OB2,OB26,LINE2,2026,Q2,4,Existing Products,Other Product,MILLIOPH,BFS-1-MI012,MILLIOPH EYEDROP 10 ml 1X10 ml,"7,895.32"
OTB,OB2,OB26,LINE2,2026,Q2,4,Existing Products,Other Product,MILTEAR,BFS-1-MI005,MILTEAR 1X30X1 ML,"6,728.95"
OTB,OB2,OB26,LINE2,2026,Q2,4,Existing Products,Other Product,MILTEAR,BFS-1-MI015,MILTEAR MD 1X10 ML,"11,915.88"
OTB,OB2,OB26,LINE2,2026,Q2,4,Existing Products,Product Push,AVAFAST,1-AV001,AVAFAST-180 1X10'S,-933.81
OTB,OB2,OB26,LINE2,2026,Q2,4,Existing Products,Product Push,AVAFAST,1-AV003,AVAFAST-60 1X10'S,-221.96
OTB,OB2,OB26,LINE2,2026,Q2,4,Existing Products,Product Push,MAPLE FORTE,1-MA008,MAPLE FORTE 1X12X1'S(BOX),"1,925.23"
OTB,OB2,OB26,LINE2,2026,Q2,4,Existing Products,Product Push,MCXY COLD,1-MC003,MCXY-COLD  1x12x10'S,"-1,360.75"
OTB,OB2,OB26,LINE2,2026,Q2,4,Existing Products,Product Push,ONJEL,1-ON004,ONJEL 20 1X28'S,"8,074.77"
OTB,OB2,OB26,LINE2,2026,Q2,4,Existing Products,Product Push,SALDA  INHALE,BFS-5-SA001,SALDA  INHALE 2.5 ML 1X20X2.5 ML,"1,345.79"
OTB,OB2,OB26,LINE2,2026,Q2,4,Existing Products,Product Push,TRANCELTEAR,BFS-1-TR001,TRANCELTEAR 0.8 mL 1x30x0.8 mL,"11,565.42"
OTB,OB2,OB26,LINE2,2026,Q2,4,New Product,New Product,T-OPH,BFS-2-TO001,T-OPH(SOC) 5 ML    1 x 5 ML,635.51
OTB,OB2,OB26,LINE2,2026,Q2,4,New Product,New Product,ZEROTAN,1-ZE001,ZEROTAN 1X2S,"8,411.22"
OTB,OB2,OB28,LINE2,2026,Q1,1,Existing Products,Other Product,CAZOSIN,1-CA045,CAZOSIN 2 mg.(Blister) 1X10X10'S,"38,901.87"
OTB,OB2,OB28,LINE2,2026,Q1,1,Existing Products,Other Product,CYSTALINE,1-CY001,CYSTALINE  1x10'S,"57,106.55"
OTB,OB2,OB28,LINE2,2026,Q1,1,Existing Products,Other Product,CYSTALINE,1-CY007,Cystaline Effervescent Tablet (Strip) 1x5x4's,"23,364.49"
OTB,OB2,OB28,LINE2,2026,Q1,1,Existing Products,Other Product,FLOXY EAR DROPS,BFS-1-FL003,FLOXY EAR DROPS(BFS) 1X5 ML,"43,224.30"
OTB,OB2,OB28,LINE2,2026,Q1,1,Existing Products,Other Product,K-ZUVA,1-KZ002,K-ZUVA  10 1X3X10'S,"7,850.46"
OTB,OB2,OB28,LINE2,2026,Q1,1,Existing Products,Other Product,METFOR,1-ME002,METFOR-500 1X10X10'S,"23,082.24"
OTB,OB2,OB28,LINE2,2026,Q1,1,Existing Products,Other Product,MILLIOPH,BFS-1-MI011,MILLIOPH EYEDROP 5 ml 1X5 ml,"3,084.11"
OTB,OB2,OB28,LINE2,2026,Q1,1,Existing Products,Other Product,MILLIOPH,BFS-1-MI012,MILLIOPH EYEDROP 10 ml 1X10 ml,"44,568.01"
OTB,OB2,OB28,LINE2,2026,Q1,1,Existing Products,Other Product,MILTEAR,BFS-1-MI005,MILTEAR 1X30X1 ML,"144,532.71"
OTB,OB2,OB28,LINE2,2026,Q1,1,Existing Products,Other Product,MILTEAR,BFS-1-MI015,MILTEAR MD 1X10 ML,"187,342.99"
OTB,OB2,OB28,LINE2,2026,Q1,1,Existing Products,Other Product,MINOZ,1-MI011,MINOZ 28 1X28'S,"129,644.86"
OTB,OB2,OB28,LINE2,2026,Q1,1,Existing Products,Other Product,NEUMANTINE/MEMO,1-NE013,Neumantine  1x2x14's  (Box),"23,364.49"
OTB,OB2,OB28,LINE2,2026,Q1,1,Existing Products,Other Product,SINAFIL,1-SI006,SINAFIL-50 1X4'S(Thai)(BOX),"1,350.00"
OTB,OB2,OB28,LINE2,2026,Q1,1,Existing Products,Product Push,AVAFAST,1-AV001,AVAFAST-180 1X10'S,"133,289.47"
OTB,OB2,OB28,LINE2,2026,Q1,1,Existing Products,Product Push,AVAFAST,1-AV003,AVAFAST-60 1X10'S,"30,063.55"
OTB,OB2,OB28,LINE2,2026,Q1,1,Existing Products,Product Push,FINASCIA,1-FI002,FINASCIA   1X3X10S,"5,233.64"
OTB,OB2,OB28,LINE2,2026,Q1,1,Existing Products,Product Push,MAPLE FORTE,1-MA008,MAPLE FORTE 1X12X1'S(BOX),"333,241.12"
OTB,OB2,OB28,LINE2,2026,Q1,1,Existing Products,Product Push,NITE CAP,3-NI002,NITE CAP 1X10X10S (BOX),"5,297.20"
OTB,OB2,OB28,LINE2,2026,Q1,1,Existing Products,Product Push,ONJEL,1-ON004,ONJEL 20 1X28'S,"82,056.07"
OTB,OB2,OB28,LINE2,2026,Q1,1,Existing Products,Product Push,SALDA  INHALE,BFS-5-SA001,SALDA  INHALE 2.5 ML 1X20X2.5 ML,"121,271.02"
OTB,OB2,OB28,LINE2,2026,Q1,1,Existing Products,Product Push,TRANCELTEAR,BFS-1-TR001,TRANCELTEAR 0.8 mL 1x30x0.8 mL,"153,837.39"
OTB,OB2,OB28,LINE2,2026,Q1,1,Existing Products,Product Push,TRANCELTEAR,BFS-1-TR002,TRANCELTEAR  0.8 mL 1 x 10 x 0.8 mL,"10,654.21"
OTB,OB2,OB28,LINE2,2026,Q1,1,New Product,New Product,MONAS,1-MO007,MONAS 1x21S,"29,831.78"
OTB,OB2,OB28,LINE2,2026,Q1,1,New Product,New Product,Ophtocin eye drop,BFS-2-OP001,Ophtocin eye drop 5 ml 1x5 mL,"10,934.58"
OTB,OB2,OB28,LINE2,2026,Q1,1,New Product,New Product,T-OPH,BFS-2-TO001,T-OPH(SOC) 5 ML    1 x 5 ML,"2,542.06"
OTB,OB2,OB28,LINE2,2026,Q1,1,New Product,New Product,ZEROTAN,1-ZE001,ZEROTAN 1X2S,"11,906.55"
OTB,OB2,OB28,LINE2,2026,Q1,1,New Product,New Product,ZOMOXIN EYE DROPS,BFS-1-ZO001,ZOMOXIN EYE DROPS 1X5 ML,"7,401.87"
OTB,OB2,OB28,LINE2,2026,Q1,2,Existing Products,Other Product,CAZOSIN,1-CA045,CAZOSIN 2 mg.(Blister) 1X10X10'S,"44,158.89"
OTB,OB2,OB28,LINE2,2026,Q1,2,Existing Products,Other Product,CAZOSIN,1-CA046,CAZOSIN 4MG.(Blister)  1X10X10'S,"10,467.28"
OTB,OB2,OB28,LINE2,2026,Q1,2,Existing Products,Other Product,CYSTALINE,1-CY001,CYSTALINE  1x10'S,"215,435.50"
OTB,OB2,OB28,LINE2,2026,Q1,2,Existing Products,Other Product,CYSTALINE,1-CY007,Cystaline Effervescent Tablet (Strip) 1x5x4's,"28,037.38"
OTB,OB2,OB28,LINE2,2026,Q1,2,Existing Products,Other Product,EZB-10,1-EZ001,EZB-10 1X3X10'S,"52,822.43"
OTB,OB2,OB28,LINE2,2026,Q1,2,Existing Products,Other Product,FLOXY EAR DROPS,BFS-1-FL003,FLOXY EAR DROPS(BFS) 1X5 ML,"98,656.54"
OTB,OB2,OB28,LINE2,2026,Q1,2,Existing Products,Other Product,METFOR,1-ME002,METFOR-500 1X10X10'S,"13,390.65"
OTB,OB2,OB28,LINE2,2026,Q1,2,Existing Products,Other Product,MILLIOPH,BFS-1-MI011,MILLIOPH EYEDROP 5 ml 1X5 ml,"3,084.11"
OTB,OB2,OB28,LINE2,2026,Q1,2,Existing Products,Other Product,MILLIOPH,BFS-1-MI012,MILLIOPH EYEDROP 10 ml 1X10 ml,"25,364.47"
OTB,OB2,OB28,LINE2,2026,Q1,2,Existing Products,Other Product,MILTEAR,BFS-1-MI005,MILTEAR 1X30X1 ML,"162,196.25"
OTB,OB2,OB28,LINE2,2026,Q1,2,Existing Products,Other Product,MILTEAR,BFS-1-MI015,MILTEAR MD 1X10 ML,"130,551.38"
OTB,OB2,OB28,LINE2,2026,Q1,2,Existing Products,Other Product,MINOZ,1-MI011,MINOZ 28 1X28'S,"24,336.45"
OTB,OB2,OB28,LINE2,2026,Q1,2,Existing Products,Other Product,NEUMANTINE/MEMO,1-NE013,Neumantine  1x2x14's  (Box),"23,364.49"
OTB,OB2,OB28,LINE2,2026,Q1,2,Existing Products,Other Product,SINAFIL,1-SI006,SINAFIL-50 1X4'S(Thai)(BOX),"6,840.00"
OTB,OB2,OB28,LINE2,2026,Q1,2,Existing Products,Product Push,AVAFAST,1-AV001,AVAFAST-180 1X10'S,"69,465.43"
OTB,OB2,OB28,LINE2,2026,Q1,2,Existing Products,Product Push,AVAFAST,1-AV003,AVAFAST-60 1X10'S,"14,229.90"
OTB,OB2,OB28,LINE2,2026,Q1,2,Existing Products,Product Push,MAPLE FORTE,1-MA008,MAPLE FORTE 1X12X1'S(BOX),"551,816.83"
OTB,OB2,OB28,LINE2,2026,Q1,2,Existing Products,Product Push,MCXY COLD,1-MC022,MCXY-COLD  1x12x10S,"1,261.68"
OTB,OB2,OB28,LINE2,2026,Q1,2,Existing Products,Product Push,NITE CAP,3-NI002,NITE CAP 1X10X10S (BOX),"5,609.35"
OTB,OB2,OB28,LINE2,2026,Q1,2,Existing Products,Product Push,ONJEL,1-ON004,ONJEL 20 1X28'S,"18,878.51"
OTB,OB2,OB28,LINE2,2026,Q1,2,Existing Products,Product Push,SALDA  INHALE,BFS-5-SA001,SALDA  INHALE 2.5 ML 1X20X2.5 ML,"101,074.76"
OTB,OB2,OB28,LINE2,2026,Q1,2,Existing Products,Product Push,TRANCELTEAR,BFS-1-TR001,TRANCELTEAR 0.8 mL 1x30x0.8 mL,"112,555.15"
OTB,OB2,OB28,LINE2,2026,Q1,2,Existing Products,Product Push,TRANCELTEAR,BFS-1-TR002,TRANCELTEAR  0.8 mL 1 x 10 x 0.8 mL,"10,654.21"
OTB,OB2,OB28,LINE2,2026,Q1,2,New Product,New Product,Ophtocin eye drop,BFS-2-OP001,Ophtocin eye drop 5 ml 1x5 mL,"5,046.73"
OTB,OB2,OB28,LINE2,2026,Q1,2,New Product,New Product,T-OPH,BFS-2-TO001,T-OPH(SOC) 5 ML    1 x 5 ML,512.67
OTB,OB2,OB28,LINE2,2026,Q1,2,New Product,New Product,T-OPH EYE DROPS,BFS-1-TO001,T-OPH  EYE DROPS 1X5 ML,-512.67
OTB,OB2,OB28,LINE2,2026,Q1,2,New Product,New Product,ZEROTAN,1-ZE001,ZEROTAN 1X2S,"7,112.15"
OTB,OB2,OB28,LINE2,2026,Q1,2,New Product,New Product,ZOMOXIN EYE DROPS,BFS-1-ZO001,ZOMOXIN EYE DROPS 1X5 ML,269.16
OTB,OB2,OB28,LINE2,2026,Q1,3,Existing Products,Other Product,CAZOSIN,1-CA045,CAZOSIN 2 mg.(Blister) 1X10X10'S,"42,897.20"
OTB,OB2,OB28,LINE2,2026,Q1,3,Existing Products,Other Product,CAZOSIN,1-CA046,CAZOSIN 4MG.(Blister)  1X10X10'S,"20,934.56"
OTB,OB2,OB28,LINE2,2026,Q1,3,Existing Products,Other Product,CYSTALINE,1-CY001,CYSTALINE  1x10'S,"351,775.70"
OTB,OB2,OB28,LINE2,2026,Q1,3,Existing Products,Other Product,EZB-10,1-EZ001,EZB-10 1X3X10'S,"52,822.43"
OTB,OB2,OB28,LINE2,2026,Q1,3,Existing Products,Other Product,FLOXY EAR DROPS,BFS-1-FL003,FLOXY EAR DROPS(BFS) 1X5 ML,"141,647.20"
OTB,OB2,OB28,LINE2,2026,Q1,3,Existing Products,Other Product,METFOR,1-ME002,METFOR-500 1X10X10'S,"31,796.26"
OTB,OB2,OB28,LINE2,2026,Q1,3,Existing Products,Other Product,MILLIOPH,BFS-1-MI011,MILLIOPH EYEDROP 5 ml 1X5 ml,"43,177.56"
OTB,OB2,OB28,LINE2,2026,Q1,3,Existing Products,Other Product,MILLIOPH,BFS-1-MI012,MILLIOPH EYEDROP 10 ml 1X10 ml,"60,942.04"
OTB,OB2,OB28,LINE2,2026,Q1,3,Existing Products,Other Product,MILTEAR,BFS-1-MI005,MILTEAR 1X30X1 ML,"345,981.31"
OTB,OB2,OB28,LINE2,2026,Q1,3,Existing Products,Other Product,MILTEAR,BFS-1-MI015,MILTEAR MD 1X10 ML,"250,740.17"
OTB,OB2,OB28,LINE2,2026,Q1,3,Existing Products,Other Product,MINOZ,1-MI011,MINOZ 28 1X28'S,"448,037.39"
OTB,OB2,OB28,LINE2,2026,Q1,3,Existing Products,Other Product,SINAFIL,1-SI006,SINAFIL-50 1X4'S(Thai)(BOX),"1,401.87"
OTB,OB2,OB28,LINE2,2026,Q1,3,Existing Products,Product Push,AVAFAST,1-AV001,AVAFAST-180 1X10'S,"197,795.34"
OTB,OB2,OB28,LINE2,2026,Q1,3,Existing Products,Product Push,AVAFAST,1-AV003,AVAFAST-60 1X10'S,"65,067.28"
OTB,OB2,OB28,LINE2,2026,Q1,3,Existing Products,Product Push,FINASCIA,1-FI002,FINASCIA   1X3X10S,"2,616.82"
OTB,OB2,OB28,LINE2,2026,Q1,3,Existing Products,Product Push,MAPLE FORTE,1-MA008,MAPLE FORTE 1X12X1'S(BOX),"671,701.87"
OTB,OB2,OB28,LINE2,2026,Q1,3,Existing Products,Product Push,NITE CAP,3-NI002,NITE CAP 1X10X10S (BOX),"9,657.94"
OTB,OB2,OB28,LINE2,2026,Q1,3,Existing Products,Product Push,ONJEL,1-ON004,ONJEL 20 1X28'S,"102,429.91"
OTB,OB2,OB28,LINE2,2026,Q1,3,Existing Products,Product Push,SALDA  INHALE,BFS-5-SA001,SALDA  INHALE 2.5 ML 1X20X2.5 ML,"397,916.53"
OTB,OB2,OB28,LINE2,2026,Q1,3,Existing Products,Product Push,TRANCELTEAR,BFS-1-TR001,TRANCELTEAR 0.8 mL 1x30x0.8 mL,"306,298.15"
OTB,OB2,OB28,LINE2,2026,Q1,3,Existing Products,Product Push,TRANCELTEAR,BFS-1-TR002,TRANCELTEAR  0.8 mL 1 x 10 x 0.8 mL,"10,654.21"
OTB,OB2,OB28,LINE2,2026,Q1,3,New Product,New Product,DROGESTON,1-DR001,DROGESTON 1x1x10s,"1,121.50"
OTB,OB2,OB28,LINE2,2026,Q1,3,New Product,New Product,Ophtocin eye drop,BFS-2-OP001,Ophtocin eye drop 5 ml 1x5 mL,"11,308.41"
OTB,OB2,OB28,LINE2,2026,Q1,3,New Product,New Product,T-OPH,BFS-2-TO001,T-OPH(SOC) 5 ML    1 x 5 ML,"3,177.57"
OTB,OB2,OB28,LINE2,2026,Q1,3,New Product,New Product,ZEROTAN,1-ZE001,ZEROTAN 1X2S,"9,794.40"
OTB,OB2,OB28,LINE2,2026,Q1,3,New Product,New Product,ZOMOXIN EYE DROPS,BFS-1-ZO001,ZOMOXIN EYE DROPS 1X5 ML,"4,844.86"
OTB,OB2,OB28,LINE2,2026,Q2,4,Existing Products,Other Product,CYSTALINE,1-CY001,CYSTALINE  1x10'S,"63,551.40"
OTB,OB2,OB28,LINE2,2026,Q2,4,Existing Products,Other Product,EZB-10,1-EZ001,EZB-10 1X3X10'S,"1,401.87"
OTB,OB2,OB28,LINE2,2026,Q2,4,Existing Products,Other Product,FLOXY EAR DROPS,BFS-1-FL003,FLOXY EAR DROPS(BFS) 1X5 ML,"12,266.36"
OTB,OB2,OB28,LINE2,2026,Q2,4,Existing Products,Other Product,MILLIOPH,BFS-1-MI012,MILLIOPH EYEDROP 10 ml 1X10 ml,"4,121.49"
OTB,OB2,OB28,LINE2,2026,Q2,4,Existing Products,Other Product,MILTEAR,BFS-1-MI005,MILTEAR 1X30X1 ML,"47,102.79"
OTB,OB2,OB28,LINE2,2026,Q2,4,Existing Products,Other Product,MILTEAR,BFS-1-MI015,MILTEAR MD 1X10 ML,"16,822.43"
OTB,OB2,OB28,LINE2,2026,Q2,4,Existing Products,Other Product,MINOZ,1-MI011,MINOZ 28 1X28'S,"4,373.83"
OTB,OB2,OB28,LINE2,2026,Q2,4,Existing Products,Other Product,SINAFIL,1-SI006,SINAFIL-50 1X4'S(Thai)(BOX),"2,383.17"
OTB,OB2,OB28,LINE2,2026,Q2,4,Existing Products,Product Push,AVAFAST,1-AV001,AVAFAST-180 1X10'S,"6,126.17"
OTB,OB2,OB28,LINE2,2026,Q2,4,Existing Products,Product Push,FINASCIA,1-FI002,FINASCIA   1X3X10S,"5,233.64"
OTB,OB2,OB28,LINE2,2026,Q2,4,Existing Products,Product Push,MAPLE FORTE,1-MA008,MAPLE FORTE 1X12X1'S(BOX),"205,004.67"
OTB,OB2,OB28,LINE2,2026,Q2,4,Existing Products,Product Push,MCXY COLD,1-MC022,MCXY-COLD  1x12x10S,"8,074.76"
OTB,OB2,OB28,LINE2,2026,Q2,4,Existing Products,Product Push,NITE CAP,3-NI002,NITE CAP 1X10X10S (BOX),"4,672.90"
OTB,OB2,OB28,LINE2,2026,Q2,4,Existing Products,Product Push,ONJEL,1-ON004,ONJEL 20 1X28'S,"3,738.32"
OTB,OB2,OB28,LINE2,2026,Q2,4,Existing Products,Product Push,SALDA  INHALE,BFS-5-SA001,SALDA  INHALE 2.5 ML 1X20X2.5 ML,"4,112.15"
OTB,OB2,OB28,LINE2,2026,Q2,4,Existing Products,Product Push,TRANCELTEAR,BFS-1-TR001,TRANCELTEAR 0.8 mL 1x30x0.8 mL,"35,724.29"
OTB,OB2,OB28,LINE2,2026,Q2,4,New Product,New Product,ZOMOXIN EYE DROPS,BFS-1-ZO001,ZOMOXIN EYE DROPS 1X5 ML,"1,345.79"
OTB,OB2,OB29,LINE2,2026,Q1,1,Existing Products,Other Product,CAZOSIN,1-CA045,CAZOSIN 2 mg.(Blister) 1X10X10'S,"6,728.98"
OTB,OB2,OB29,LINE2,2026,Q1,1,Existing Products,Other Product,CYSTALINE,1-CY001,CYSTALINE  1x10'S,"133,461.57"
OTB,OB2,OB29,LINE2,2026,Q1,1,Existing Products,Other Product,CYSTALINE,1-CY007,Cystaline Effervescent Tablet (Strip) 1x5x4's,"18,691.59"
OTB,OB2,OB29,LINE2,2026,Q1,1,Existing Products,Other Product,DENOX,9-DE001,DENOX 1X10 ML (0.05%),"25,373.83"
OTB,OB2,OB29,LINE2,2026,Q1,1,Existing Products,Other Product,DENOX,9-DE002,DENOX 1X10 ML (0.1%),"12,616.82"
OTB,OB2,OB29,LINE2,2026,Q1,1,Existing Products,Other Product,EZB-10,1-EZ001,EZB-10 1X3X10'S,"180,392.52"
OTB,OB2,OB29,LINE2,2026,Q1,1,Existing Products,Other Product,FLOXY EAR DROPS,BFS-1-FL003,FLOXY EAR DROPS(BFS) 1X5 ML,"88,378.50"
OTB,OB2,OB29,LINE2,2026,Q1,1,Existing Products,Other Product,K-ZUVA,1-KZ001,K-ZUVA 20 1X3X10'S,"26,915.88"
OTB,OB2,OB29,LINE2,2026,Q1,1,Existing Products,Other Product,K-ZUVA,1-KZ002,K-ZUVA  10 1X3X10'S,"19,626.17"
OTB,OB2,OB29,LINE2,2026,Q1,1,Existing Products,Other Product,METFOR,1-ME002,METFOR-500 1X10X10'S,"2,196.26"
OTB,OB2,OB29,LINE2,2026,Q1,1,Existing Products,Other Product,MEXY SYRUP,2-ME004,MEXY SYRUP 1X60 ML (กล่องรูปเด็ก),"1,747.66"
OTB,OB2,OB29,LINE2,2026,Q1,1,Existing Products,Other Product,MILLIOPH,BFS-1-MI012,MILLIOPH EYEDROP 10 ml 1X10 ml,"29,470.73"
OTB,OB2,OB29,LINE2,2026,Q1,1,Existing Products,Other Product,MILTEAR,BFS-1-MI005,MILTEAR 1X30X1 ML,"229,906.55"
OTB,OB2,OB29,LINE2,2026,Q1,1,Existing Products,Other Product,MILTEAR,BFS-1-MI015,MILTEAR MD 1X10 ML,"363,531.91"
OTB,OB2,OB29,LINE2,2026,Q1,1,Existing Products,Other Product,MINOZ,1-MI011,MINOZ 28 1X28'S,"80,883.00"
OTB,OB2,OB29,LINE2,2026,Q1,1,Existing Products,Other Product,NEUMANTINE/MEMO,1-NE013,Neumantine  1x2x14's  (Box),"54,516.92"
OTB,OB2,OB29,LINE2,2026,Q1,1,Existing Products,Product Push,AVAFAST,1-AV001,AVAFAST-180 1X10'S,"152,381.31"
OTB,OB2,OB29,LINE2,2026,Q1,1,Existing Products,Product Push,AVAFAST,1-AV003,AVAFAST-60 1X10'S,"42,572.42"
OTB,OB2,OB29,LINE2,2026,Q1,1,Existing Products,Product Push,MAPLE FORTE,1-MA008,MAPLE FORTE 1X12X1'S(BOX),"756,761.76"
OTB,OB2,OB29,LINE2,2026,Q1,1,Existing Products,Product Push,MCXY COLD,1-MC022,MCXY-COLD  1x12x10S,"20,635.51"
OTB,OB2,OB29,LINE2,2026,Q1,1,Existing Products,Product Push,NITE CAP,3-NI002,NITE CAP 1X10X10S (BOX),"9,345.80"
OTB,OB2,OB29,LINE2,2026,Q1,1,Existing Products,Product Push,ONJEL,1-ON004,ONJEL 20 1X28'S,"12,000.00"
OTB,OB2,OB29,LINE2,2026,Q1,1,Existing Products,Product Push,SALDA  INHALE,BFS-5-SA001,SALDA  INHALE 2.5 ML 1X20X2.5 ML,"163,708.43"
OTB,OB2,OB29,LINE2,2026,Q1,1,Existing Products,Product Push,TRANCELTEAR,BFS-1-TR001,TRANCELTEAR 0.8 mL 1x30x0.8 mL,"129,205.62"
OTB,OB2,OB29,LINE2,2026,Q1,1,New Product,New Product,MONAS,1-MO007,MONAS 1x21S,"14,485.98"
OTB,OB2,OB29,LINE2,2026,Q1,1,New Product,New Product,T-OPH,BFS-2-TO001,T-OPH(SOC) 5 ML    1 x 5 ML,"2,114.95"
OTB,OB2,OB29,LINE2,2026,Q1,1,New Product,New Product,T-OPH EYE DROPS,BFS-1-TO001,T-OPH  EYE DROPS 1X5 ML,-409.34
OTB,OB2,OB29,LINE2,2026,Q1,1,New Product,New Product,ZEROTAN,1-ZE001,ZEROTAN 1X2S,"7,345.80"
OTB,OB2,OB29,LINE2,2026,Q1,2,Existing Products,Other Product,CAZOSIN,1-CA045,CAZOSIN 2 mg.(Blister) 1X10X10'S,"21,009.35"
OTB,OB2,OB29,LINE2,2026,Q1,2,Existing Products,Other Product,CAZOSIN,1-CA046,CAZOSIN 4MG.(Blister)  1X10X10'S,"10,467.28"
OTB,OB2,OB29,LINE2,2026,Q1,2,Existing Products,Other Product,CYSTALINE,1-CY001,CYSTALINE  1x10'S,"101,623.19"
OTB,OB2,OB29,LINE2,2026,Q1,2,Existing Products,Other Product,CYSTALINE,1-CY007,Cystaline Effervescent Tablet (Strip) 1x5x4's,"14,018.69"
OTB,OB2,OB29,LINE2,2026,Q1,2,Existing Products,Other Product,DENOX,9-DE001,DENOX 1X10 ML (0.05%),"1,822.43"
OTB,OB2,OB29,LINE2,2026,Q1,2,Existing Products,Other Product,EZB-10,1-EZ001,EZB-10 1X3X10'S,"303,658.22"
OTB,OB2,OB29,LINE2,2026,Q1,2,Existing Products,Other Product,FLOXY EAR DROPS,BFS-1-FL003,FLOXY EAR DROPS(BFS) 1X5 ML,"126,635.53"
OTB,OB2,OB29,LINE2,2026,Q1,2,Existing Products,Other Product,K-ZUVA,1-KZ001,K-ZUVA 20 1X3X10'S,"47,102.80"
OTB,OB2,OB29,LINE2,2026,Q1,2,Existing Products,Other Product,K-ZUVA,1-KZ002,K-ZUVA  10 1X3X10'S,"66,728.97"
OTB,OB2,OB29,LINE2,2026,Q1,2,Existing Products,Other Product,METFOR,1-ME002,METFOR-500 1X10X10'S,"11,813.08"
OTB,OB2,OB29,LINE2,2026,Q1,2,Existing Products,Other Product,MEXY SYRUP,2-ME004,MEXY SYRUP 1X60 ML (กล่องรูปเด็ก),"1,747.66"
OTB,OB2,OB29,LINE2,2026,Q1,2,Existing Products,Other Product,MILLIOPH,BFS-1-MI012,MILLIOPH EYEDROP 10 ml 1X10 ml,"30,325.23"
OTB,OB2,OB29,LINE2,2026,Q1,2,Existing Products,Other Product,MILTEAR,BFS-1-MI005,MILTEAR 1X30X1 ML,"331,233.66"
OTB,OB2,OB29,LINE2,2026,Q1,2,Existing Products,Other Product,MILTEAR,BFS-1-MI015,MILTEAR MD 1X10 ML,"459,253.27"
OTB,OB2,OB29,LINE2,2026,Q1,2,Existing Products,Other Product,MINOZ,1-MI011,MINOZ 28 1X28'S,"196,134.73"
OTB,OB2,OB29,LINE2,2026,Q1,2,Existing Products,Other Product,NEUMANTINE/MEMO,1-NE013,Neumantine  1x2x14's  (Box),"54,516.92"
OTB,OB2,OB29,LINE2,2026,Q1,2,Existing Products,Product Push,AVAFAST,1-AV001,AVAFAST-180 1X10'S,"122,071.99"
OTB,OB2,OB29,LINE2,2026,Q1,2,Existing Products,Product Push,AVAFAST,1-AV003,AVAFAST-60 1X10'S,"31,962.61"
OTB,OB2,OB29,LINE2,2026,Q1,2,Existing Products,Product Push,FINASCAR,1-FI001,FINASCAR 5 MG.(Blister Unit dose) 1X3X10S,"2,803.74"
OTB,OB2,OB29,LINE2,2026,Q1,2,Existing Products,Product Push,MAPLE FORTE,1-MA008,MAPLE FORTE 1X12X1'S(BOX),"451,480.86"
OTB,OB2,OB29,LINE2,2026,Q1,2,Existing Products,Product Push,MCXY COLD,1-MC022,MCXY-COLD  1x12x10S,"12,112.15"
OTB,OB2,OB29,LINE2,2026,Q1,2,Existing Products,Product Push,ONJEL,1-ON004,ONJEL 20 1X28'S,"336,448.60"
OTB,OB2,OB29,LINE2,2026,Q1,2,Existing Products,Product Push,SALDA  INHALE,BFS-5-SA001,SALDA  INHALE 2.5 ML 1X20X2.5 ML,"326,728.99"
OTB,OB2,OB29,LINE2,2026,Q1,2,Existing Products,Product Push,TRANCELTEAR,BFS-1-TR001,TRANCELTEAR 0.8 mL 1x30x0.8 mL,"204,962.62"
OTB,OB2,OB29,LINE2,2026,Q1,2,New Product,New Product,DROGESTON,1-DR001,DROGESTON 1x1x10s,"39,065.42"
OTB,OB2,OB29,LINE2,2026,Q1,2,New Product,New Product,MONAS,1-MO007,MONAS 1x21S,"11,112.15"
OTB,OB2,OB29,LINE2,2026,Q1,2,New Product,New Product,Ophtocin eye drop,BFS-2-OP001,Ophtocin eye drop 5 ml 1x5 mL,"2,990.65"
OTB,OB2,OB29,LINE2,2026,Q1,2,New Product,New Product,T-OPH,BFS-2-TO001,T-OPH(SOC) 5 ML    1 x 5 ML,"14,990.66"
OTB,OB2,OB29,LINE2,2026,Q1,2,New Product,New Product,T-OPH EYE DROPS,BFS-1-TO001,T-OPH  EYE DROPS 1X5 ML,-477.57
OTB,OB2,OB29,LINE2,2026,Q1,2,New Product,New Product,ZEROTAN,1-ZE001,ZEROTAN 1X2S,"16,149.54"
OTB,OB2,OB29,LINE2,2026,Q1,3,Existing Products,Other Product,CAZOSIN,1-CA045,CAZOSIN 2 mg.(Blister) 1X10X10'S,"19,476.64"
OTB,OB2,OB29,LINE2,2026,Q1,3,Existing Products,Other Product,CAZOSIN,1-CA046,CAZOSIN 4MG.(Blister)  1X10X10'S,"5,233.64"
OTB,OB2,OB29,LINE2,2026,Q1,3,Existing Products,Other Product,CYSTALINE,1-CY001,CYSTALINE  1x10'S,"88,114.90"
OTB,OB2,OB29,LINE2,2026,Q1,3,Existing Products,Other Product,CYSTALINE,1-CY007,Cystaline Effervescent Tablet (Strip) 1x5x4's,"14,018.69"
OTB,OB2,OB29,LINE2,2026,Q1,3,Existing Products,Other Product,DENOX,9-DE001,DENOX 1X10 ML (0.05%), -   
OTB,OB2,OB29,LINE2,2026,Q1,3,Existing Products,Other Product,EZB-10,1-EZ001,EZB-10 1X3X10'S,"295,439.23"
OTB,OB2,OB29,LINE2,2026,Q1,3,Existing Products,Other Product,FLOXY EAR DROPS,BFS-1-FL003,FLOXY EAR DROPS(BFS) 1X5 ML,"144,247.68"
OTB,OB2,OB29,LINE2,2026,Q1,3,Existing Products,Other Product,K-ZUVA,1-KZ001,K-ZUVA 20 1X3X10'S,"87,476.63"
OTB,OB2,OB29,LINE2,2026,Q1,3,Existing Products,Other Product,K-ZUVA,1-KZ002,K-ZUVA  10 1X3X10'S,"19,626.17"
OTB,OB2,OB29,LINE2,2026,Q1,3,Existing Products,Other Product,METFOR,1-ME002,METFOR-500 1X10X10'S,"16,401.87"
OTB,OB2,OB29,LINE2,2026,Q1,3,Existing Products,Other Product,METFOR,1-ME029,METFOR-850 1X10X10'S,"10,884.12"
OTB,OB2,OB29,LINE2,2026,Q1,3,Existing Products,Other Product,MILLIOPH,BFS-1-MI012,MILLIOPH EYEDROP 10 ml 1X10 ml,"19,380.93"
OTB,OB2,OB29,LINE2,2026,Q1,3,Existing Products,Other Product,MILTEAR,BFS-1-MI005,MILTEAR 1X30X1 ML,"256,373.87"
OTB,OB2,OB29,LINE2,2026,Q1,3,Existing Products,Other Product,MILTEAR,BFS-1-MI015,MILTEAR MD 1X10 ML,"237,799.05"
OTB,OB2,OB29,LINE2,2026,Q1,3,Existing Products,Other Product,MINOZ,1-MI011,MINOZ 28 1X28'S,"89,831.87"
OTB,OB2,OB29,LINE2,2026,Q1,3,Existing Products,Other Product,NEUMANTINE/MEMO,1-NE013,Neumantine  1x2x14's  (Box),"100,281.31"
OTB,OB2,OB29,LINE2,2026,Q1,3,Existing Products,Product Push,AVAFAST,1-AV001,AVAFAST-180 1X10'S,"93,913.09"
OTB,OB2,OB29,LINE2,2026,Q1,3,Existing Products,Product Push,FINASCAR,1-FI001,FINASCAR 5 MG.(Blister Unit dose) 1X3X10S,"2,803.74"
OTB,OB2,OB29,LINE2,2026,Q1,3,Existing Products,Product Push,MAPLE FORTE,1-MA008,MAPLE FORTE 1X12X1'S(BOX),"529,599.08"
OTB,OB2,OB29,LINE2,2026,Q1,3,Existing Products,Product Push,ONJEL,1-ON004,ONJEL 20 1X28'S,"13,457.94"
OTB,OB2,OB29,LINE2,2026,Q1,3,Existing Products,Product Push,SALDA  INHALE,BFS-5-SA001,SALDA  INHALE 2.5 ML 1X20X2.5 ML,"290,841.13"
OTB,OB2,OB29,LINE2,2026,Q1,3,Existing Products,Product Push,TRANCELTEAR,BFS-1-TR001,TRANCELTEAR 0.8 mL 1x30x0.8 mL,"189,630.85"
OTB,OB2,OB29,LINE2,2026,Q1,3,New Product,New Product,MONAS,1-MO007,MONAS 1x21S,"1,429.90"
OTB,OB2,OB29,LINE2,2026,Q1,3,New Product,New Product,T-OPH,BFS-2-TO001,T-OPH(SOC) 5 ML    1 x 5 ML,"5,357.00"
OTB,OB2,OB29,LINE2,2026,Q1,3,New Product,New Product,ZEROTAN,1-ZE001,ZEROTAN 1X2S,"17,158.88"
OTB,OB2,OB29,LINE2,2026,Q2,4,Existing Products,Other Product,CAZOSIN,1-CA045,CAZOSIN 2 mg.(Blister) 1X10X10'S,"6,728.97"
OTB,OB2,OB29,LINE2,2026,Q2,4,Existing Products,Other Product,CYSTALINE,1-CY001,CYSTALINE  1x10'S,"98,355.14"
OTB,OB2,OB29,LINE2,2026,Q2,4,Existing Products,Other Product,DENOX,9-DE001,DENOX 1X10 ML (0.05%),"1,822.43"
OTB,OB2,OB29,LINE2,2026,Q2,4,Existing Products,Other Product,FLOXY EAR DROPS,BFS-1-FL003,FLOXY EAR DROPS(BFS) 1X5 ML,"34,579.44"
OTB,OB2,OB29,LINE2,2026,Q2,4,Existing Products,Other Product,K-ZUVA,1-KZ002,K-ZUVA  10 1X3X10'S,"39,252.34"
OTB,OB2,OB29,LINE2,2026,Q2,4,Existing Products,Other Product,MILLIOPH,BFS-1-MI012,MILLIOPH EYEDROP 10 ml 1X10 ml,"16,306.54"
OTB,OB2,OB29,LINE2,2026,Q2,4,Existing Products,Other Product,MILTEAR,BFS-1-MI005,MILTEAR 1X30X1 ML,"128,523.37"
OTB,OB2,OB29,LINE2,2026,Q2,4,Existing Products,Other Product,MILTEAR,BFS-1-MI015,MILTEAR MD 1X10 ML,"98,785.78"
OTB,OB2,OB29,LINE2,2026,Q2,4,Existing Products,Other Product,MINOZ,1-MI011,MINOZ 28 1X28'S,"68,971.96"
OTB,OB2,OB29,LINE2,2026,Q2,4,Existing Products,Product Push,AVAFAST,1-AV001,AVAFAST-180 1X10'S,"42,616.82"
OTB,OB2,OB29,LINE2,2026,Q2,4,Existing Products,Product Push,AVAFAST,1-AV003,AVAFAST-60 1X10'S,"14,205.61"
OTB,OB2,OB29,LINE2,2026,Q2,4,Existing Products,Product Push,MAPLE FORTE,1-MA008,MAPLE FORTE 1X12X1'S(BOX),"88,558.21"
OTB,OB2,OB29,LINE2,2026,Q2,4,Existing Products,Product Push,ONJEL,1-ON004,ONJEL 20 1X28'S,"11,214.95"
OTB,OB2,OB29,LINE2,2026,Q2,4,Existing Products,Product Push,SALDA  INHALE,BFS-5-SA001,SALDA  INHALE 2.5 ML 1X20X2.5 ML,"34,018.70"
OTB,OB2,OB29,LINE2,2026,Q2,4,Existing Products,Product Push,TRANCELTEAR,BFS-1-TR001,TRANCELTEAR 0.8 mL 1x30x0.8 mL,"58,084.12"
OTB,OB2,OB29,LINE2,2026,Q2,4,New Product,New Product,T-OPH,BFS-2-TO001,T-OPH(SOC) 5 ML    1 x 5 ML,"4,130.84"
